algorithm,input_size,distribution,trial,master_seed,seed,run_order,run_position,elapsed_ns,correct
Shell Sort,500,random,0,20260930,17091346009885327130,SML,0,29345,1
Merge Sort,500,random,0,20260930,17091346009885327130,SML,1,29064,1
Library Sort,500,random,0,20260930,17091346009885327130,SML,2,474245,1
Shell Sort,500,random,1,20260930,14911818322190790426,SLM,0,29465,1
Library Sort,500,random,1,20260930,14911818322190790426,SLM,1,1106125,1
Merge Sort,500,random,1,20260930,14911818322190790426,SLM,2,29234,1
Merge Sort,500,random,2,20260930,17212879969113767535,MSL,0,28804,1
Shell Sort,500,random,2,20260930,17212879969113767535,MSL,1,28122,1
Library Sort,500,random,2,20260930,17212879969113767535,MSL,2,453456,1
Merge Sort,500,random,3,20260930,4052992045418502751,MLS,0,29295,1
Library Sort,500,random,3,20260930,4052992045418502751,MLS,1,650474,1
Shell Sort,500,random,3,20260930,4052992045418502751,MLS,2,28153,1
Library Sort,500,random,4,20260930,13185044698703629718,LSM,0,432347,1
Shell Sort,500,random,4,20260930,13185044698703629718,LSM,1,30777,1
Merge Sort,500,random,4,20260930,13185044698703629718,LSM,2,29144,1
Library Sort,500,random,5,20260930,18354484886844897009,LMS,0,720996,1
Merge Sort,500,random,5,20260930,18354484886844897009,LMS,1,29375,1
Shell Sort,500,random,5,20260930,18354484886844897009,LMS,2,30367,1
Shell Sort,500,random,6,20260930,10802761951945530097,SML,0,29726,1
Merge Sort,500,random,6,20260930,10802761951945530097,SML,1,28884,1
Library Sort,500,random,6,20260930,10802761951945530097,SML,2,1610826,1
Shell Sort,500,random,7,20260930,102460307008990873,SLM,0,30286,1
Library Sort,500,random,7,20260930,102460307008990873,SLM,1,406618,1
Merge Sort,500,random,7,20260930,102460307008990873,SLM,2,28793,1
Merge Sort,500,random,8,20260930,12028341300069509589,MSL,0,28773,1
Shell Sort,500,random,8,20260930,12028341300069509589,MSL,1,29004,1
Library Sort,500,random,8,20260930,12028341300069509589,MSL,2,437516,1
Merge Sort,500,random,9,20260930,15141585126865131569,MLS,0,28202,1
Library Sort,500,random,9,20260930,15141585126865131569,MLS,1,762944,1
Shell Sort,500,random,9,20260930,15141585126865131569,MLS,2,30586,1
Shell Sort,500,sorted,0,20260930,17084974282617120586,SML,0,5621,1
Merge Sort,500,sorted,0,20260930,17084974282617120586,SML,1,14868,1
Library Sort,500,sorted,0,20260930,17084974282617120586,SML,2,977243,1
Shell Sort,500,sorted,1,20260930,9989060205182887302,SLM,0,6242,1
Library Sort,500,sorted,1,20260930,9989060205182887302,SLM,1,2870216,1
Merge Sort,500,sorted,1,20260930,9989060205182887302,SLM,2,14176,1
Merge Sort,500,sorted,2,20260930,5952326901562669635,MSL,0,13545,1
Shell Sort,500,sorted,2,20260930,5952326901562669635,MSL,1,6382,1
Library Sort,500,sorted,2,20260930,5952326901562669635,MSL,2,933702,1
Merge Sort,500,sorted,3,20260930,9076160003619376469,MLS,0,12272,1
Library Sort,500,sorted,3,20260930,9076160003619376469,MLS,1,1073773,1
Shell Sort,500,sorted,3,20260930,9076160003619376469,MLS,2,5851,1
Library Sort,500,sorted,4,20260930,489320022326220123,LSM,0,922851,1
Shell Sort,500,sorted,4,20260930,489320022326220123,LSM,1,5630,1
Merge Sort,500,sorted,4,20260930,489320022326220123,LSM,2,14036,1
Library Sort,500,sorted,5,20260930,5299519533764323103,LMS,0,3447865,1
Merge Sort,500,sorted,5,20260930,5299519533764323103,LMS,1,13555,1
Shell Sort,500,sorted,5,20260930,5299519533764323103,LMS,2,5199,1
Shell Sort,500,sorted,6,20260930,226733403902445967,SML,0,5821,1
Merge Sort,500,sorted,6,20260930,226733403902445967,SML,1,14738,1
Library Sort,500,sorted,6,20260930,226733403902445967,SML,2,701769,1
Shell Sort,500,sorted,7,20260930,17714980822835453486,SLM,0,3346,1
Library Sort,500,sorted,7,20260930,17714980822835453486,SLM,1,764997,1
Merge Sort,500,sorted,7,20260930,17714980822835453486,SLM,2,14166,1
Merge Sort,500,sorted,8,20260930,1800723417106011210,MSL,0,13816,1
Shell Sort,500,sorted,8,20260930,1800723417106011210,MSL,1,6252,1
Library Sort,500,sorted,8,20260930,1800723417106011210,MSL,2,977044,1
Merge Sort,500,sorted,9,20260930,2910567875114219412,MLS,0,13896,1
Library Sort,500,sorted,9,20260930,2910567875114219412,MLS,1,1053336,1
Shell Sort,500,sorted,9,20260930,2910567875114219412,MLS,2,6112,1
Shell Sort,500,reverse,0,20260930,12965717921795409299,SML,0,11451,1
Merge Sort,500,reverse,0,20260930,12965717921795409299,SML,1,11261,1
Library Sort,500,reverse,0,20260930,12965717921795409299,SML,2,174005,1
Shell Sort,500,reverse,1,20260930,4015483408897465295,SLM,0,9778,1
Library Sort,500,reverse,1,20260930,4015483408897465295,SLM,1,107761,1
Merge Sort,500,reverse,1,20260930,4015483408897465295,SLM,2,11662,1
Merge Sort,500,reverse,2,20260930,18194818590355567896,MSL,0,11501,1
Shell Sort,500,reverse,2,20260930,18194818590355567896,MSL,1,11321,1
Library Sort,500,reverse,2,20260930,18194818590355567896,MSL,2,106969,1
Merge Sort,500,reverse,3,20260930,6133458378072641765,MLS,0,11150,1
Library Sort,500,reverse,3,20260930,6133458378072641765,MLS,1,107380,1
Shell Sort,500,reverse,3,20260930,6133458378072641765,MLS,2,11241,1
Library Sort,500,reverse,4,20260930,11919484219489836615,LSM,0,106549,1
Shell Sort,500,reverse,4,20260930,11919484219489836615,LSM,1,9587,1
Merge Sort,500,reverse,4,20260930,11919484219489836615,LSM,2,18004,1
Library Sort,500,reverse,5,20260930,6361767932350045479,LMS,0,107981,1
Merge Sort,500,reverse,5,20260930,6361767932350045479,LMS,1,11272,1
Shell Sort,500,reverse,5,20260930,6361767932350045479,LMS,2,10960,1
Shell Sort,500,reverse,6,20260930,17846525455549071859,SML,0,11161,1
Merge Sort,500,reverse,6,20260930,17846525455549071859,SML,1,11230,1
Library Sort,500,reverse,6,20260930,17846525455549071859,SML,2,105367,1
Shell Sort,500,reverse,7,20260930,3085443707773883965,SLM,0,10639,1
Library Sort,500,reverse,7,20260930,3085443707773883965,SLM,1,128039,1
Merge Sort,500,reverse,7,20260930,3085443707773883965,SLM,2,10419,1
Merge Sort,500,reverse,8,20260930,4904926039599401680,MSL,0,10660,1
Shell Sort,500,reverse,8,20260930,4904926039599401680,MSL,1,11541,1
Library Sort,500,reverse,8,20260930,4904926039599401680,MSL,2,128780,1
Merge Sort,500,reverse,9,20260930,5316546044719647956,MLS,0,10590,1
Library Sort,500,reverse,9,20260930,5316546044719647956,MLS,1,105306,1
Shell Sort,500,reverse,9,20260930,5316546044719647956,MLS,2,10760,1
Shell Sort,500,duplicate-heavy,0,20260930,13513353505402294999,SML,0,21921,1
Merge Sort,500,duplicate-heavy,0,20260930,13513353505402294999,SML,1,26209,1
Library Sort,500,duplicate-heavy,0,20260930,13513353505402294999,SML,2,420745,1
Shell Sort,500,duplicate-heavy,1,20260930,10920224853721983374,SLM,0,21199,1
Library Sort,500,duplicate-heavy,1,20260930,10920224853721983374,SLM,1,442226,1
Merge Sort,500,duplicate-heavy,1,20260930,10920224853721983374,SLM,2,25428,1
Merge Sort,500,duplicate-heavy,2,20260930,13986592599782175544,MSL,0,26149,1
Shell Sort,500,duplicate-heavy,2,20260930,13986592599782175544,MSL,1,21450,1
Library Sort,500,duplicate-heavy,2,20260930,13986592599782175544,MSL,2,497047,1
Merge Sort,500,duplicate-heavy,3,20260930,17568379813312785473,MLS,0,25868,1
Library Sort,500,duplicate-heavy,3,20260930,17568379813312785473,MLS,1,442246,1
Shell Sort,500,duplicate-heavy,3,20260930,17568379813312785473,MLS,2,21420,1
Library Sort,500,duplicate-heavy,4,20260930,11759466030375880626,LSM,0,420886,1
Shell Sort,500,duplicate-heavy,4,20260930,11759466030375880626,LSM,1,21180,1
Merge Sort,500,duplicate-heavy,4,20260930,11759466030375880626,LSM,2,26239,1
Library Sort,500,duplicate-heavy,5,20260930,17484190632189212043,LMS,0,417409,1
Merge Sort,500,duplicate-heavy,5,20260930,17484190632189212043,LMS,1,25628,1
Shell Sort,500,duplicate-heavy,5,20260930,17484190632189212043,LMS,2,23333,1
Shell Sort,500,duplicate-heavy,6,20260930,6065391351065723087,SML,0,21240,1
Merge Sort,500,duplicate-heavy,6,20260930,6065391351065723087,SML,1,25738,1
Library Sort,500,duplicate-heavy,6,20260930,6065391351065723087,SML,2,418742,1
Shell Sort,500,duplicate-heavy,7,20260930,15560237582770354563,SLM,0,20689,1
Library Sort,500,duplicate-heavy,7,20260930,15560237582770354563,SLM,1,396880,1
Merge Sort,500,duplicate-heavy,7,20260930,15560237582770354563,SLM,2,25858,1
Merge Sort,500,duplicate-heavy,8,20260930,2307149302073447425,MSL,0,26249,1
Shell Sort,500,duplicate-heavy,8,20260930,2307149302073447425,MSL,1,20768,1
Library Sort,500,duplicate-heavy,8,20260930,2307149302073447425,MSL,2,465669,1
Merge Sort,500,duplicate-heavy,9,20260930,3437060501438373614,MLS,0,25818,1
Library Sort,500,duplicate-heavy,9,20260930,3437060501438373614,MLS,1,430484,1
Shell Sort,500,duplicate-heavy,9,20260930,3437060501438373614,MLS,2,20798,1
Shell Sort,1000,random,0,20260930,18439179089153588336,SML,0,87093,1
Merge Sort,1000,random,0,20260930,18439179089153588336,SML,1,63679,1
Library Sort,1000,random,0,20260930,18439179089153588336,SML,2,1851155,1
Shell Sort,1000,random,1,20260930,3374754896142117630,SLM,0,69429,1
Library Sort,1000,random,1,20260930,3374754896142117630,SLM,1,1741259,1
Merge Sort,1000,random,1,20260930,3374754896142117630,SLM,2,63068,1
Merge Sort,1000,random,2,20260930,13824821944903670409,MSL,0,63469,1
Shell Sort,1000,random,2,20260930,13824821944903670409,MSL,1,66383,1
Library Sort,1000,random,2,20260930,13824821944903670409,MSL,2,1772507,1
Merge Sort,1000,random,3,20260930,10426724422788055521,MLS,0,64971,1
Library Sort,1000,random,3,20260930,10426724422788055521,MLS,1,1659186,1
Shell Sort,1000,random,3,20260930,10426724422788055521,MLS,2,68348,1
Library Sort,1000,random,4,20260930,10357721728831399214,LSM,0,1777928,1
Shell Sort,1000,random,4,20260930,10357721728831399214,LSM,1,68318,1
Merge Sort,1000,random,4,20260930,10357721728831399214,LSM,2,64340,1
Library Sort,1000,random,5,20260930,5289205305456233731,LMS,0,1719469,1
Merge Sort,1000,random,5,20260930,5289205305456233731,LMS,1,63118,1
Shell Sort,1000,random,5,20260930,5289205305456233731,LMS,2,68357,1
Shell Sort,1000,random,6,20260930,250917081400473810,SML,0,92743,1
Merge Sort,1000,random,6,20260930,250917081400473810,SML,1,63589,1
Library Sort,1000,random,6,20260930,250917081400473810,SML,2,1704641,1
Shell Sort,1000,random,7,20260930,17178503454337888431,SLM,0,68297,1
Library Sort,1000,random,7,20260930,17178503454337888431,SLM,1,1820698,1
Merge Sort,1000,random,7,20260930,17178503454337888431,SLM,2,64019,1
Merge Sort,1000,random,8,20260930,2264711061968318463,MSL,0,86983,1
Shell Sort,1000,random,8,20260930,2264711061968318463,MSL,1,67286,1
Library Sort,1000,random,8,20260930,2264711061968318463,MSL,2,1730289,1
Merge Sort,1000,random,9,20260930,3512288308494617315,MLS,0,63228,1
Library Sort,1000,random,9,20260930,3512288308494617315,MLS,1,1707277,1
Shell Sort,1000,random,9,20260930,3512288308494617315,MLS,2,67787,1
Shell Sort,1000,sorted,0,20260930,3169555859777190876,SML,0,17814,1
Merge Sort,1000,sorted,0,20260930,3169555859777190876,SML,1,29134,1
Library Sort,1000,sorted,0,20260930,3169555859777190876,SML,2,3670149,1
Shell Sort,1000,sorted,1,20260930,16758237017749573021,SLM,0,13416,1
Library Sort,1000,sorted,1,20260930,16758237017749573021,SLM,1,3753295,1
Merge Sort,1000,sorted,1,20260930,16758237017749573021,SLM,2,29785,1
Merge Sort,1000,sorted,2,20260930,2123709029882419368,MSL,0,27932,1
Shell Sort,1000,sorted,2,20260930,2123709029882419368,MSL,1,13806,1
Library Sort,1000,sorted,2,20260930,2123709029882419368,MSL,2,3684255,1
Merge Sort,1000,sorted,3,20260930,10797927838122847401,MLS,0,28994,1
Library Sort,1000,sorted,3,20260930,10797927838122847401,MLS,1,3665771,1
Shell Sort,1000,sorted,3,20260930,10797927838122847401,MLS,2,13455,1
Library Sort,1000,sorted,4,20260930,1369679404410000101,LSM,0,3585511,1
Shell Sort,1000,sorted,4,20260930,1369679404410000101,LSM,1,12133,1
Merge Sort,1000,sorted,4,20260930,1369679404410000101,LSM,2,27362,1
Library Sort,1000,sorted,5,20260930,11905211679444047089,LMS,0,3665520,1
Merge Sort,1000,sorted,5,20260930,11905211679444047089,LMS,1,30226,1
Shell Sort,1000,sorted,5,20260930,11905211679444047089,LMS,2,13525,1
Shell Sort,1000,sorted,6,20260930,9552805655427687829,SML,0,10300,1
Merge Sort,1000,sorted,6,20260930,9552805655427687829,SML,1,28132,1
Library Sort,1000,sorted,6,20260930,9552805655427687829,SML,2,3747763,1
Shell Sort,1000,sorted,7,20260930,17389393439205968277,SLM,0,13635,1
Library Sort,1000,sorted,7,20260930,17389393439205968277,SLM,1,4063463,1
Merge Sort,1000,sorted,7,20260930,17389393439205968277,SLM,2,31699,1
Merge Sort,1000,sorted,8,20260930,6266584389510673442,MSL,0,30727,1
Shell Sort,1000,sorted,8,20260930,6266584389510673442,MSL,1,14718,1
Library Sort,1000,sorted,8,20260930,6266584389510673442,MSL,2,6164313,1
Merge Sort,1000,sorted,9,20260930,15571251649734884167,MLS,0,28323,1
Library Sort,1000,sorted,9,20260930,15571251649734884167,MLS,1,3708641,1
Shell Sort,1000,sorted,9,20260930,15571251649734884167,MLS,2,13164,1
Shell Sort,1000,reverse,0,20260930,12653493849989408641,SML,0,23924,1
Merge Sort,1000,reverse,0,20260930,12653493849989408641,SML,1,21450,1
Library Sort,1000,reverse,0,20260930,12653493849989408641,SML,2,323053,1
Shell Sort,1000,reverse,1,20260930,5597426781974777731,SLM,0,22462,1
Library Sort,1000,reverse,1,20260930,5597426781974777731,SLM,1,488071,1
Merge Sort,1000,reverse,1,20260930,5597426781974777731,SLM,2,24636,1
Merge Sort,1000,reverse,2,20260930,3183970528500780246,MSL,0,23434,1
Shell Sort,1000,reverse,2,20260930,3183970528500780246,MSL,1,24666,1
Library Sort,1000,reverse,2,20260930,3183970528500780246,MSL,2,531011,1
Merge Sort,1000,reverse,3,20260930,2212192513109586389,MLS,0,20539,1
Library Sort,1000,reverse,3,20260930,2212192513109586389,MLS,1,317252,1
Shell Sort,1000,reverse,3,20260930,2212192513109586389,MLS,2,21911,1
Library Sort,1000,reverse,4,20260930,10574316449264228099,LSM,0,318454,1
Shell Sort,1000,reverse,4,20260930,10574316449264228099,LSM,1,21931,1
Merge Sort,1000,reverse,4,20260930,10574316449264228099,LSM,2,21801,1
Library Sort,1000,reverse,5,20260930,3359120155889509746,LMS,0,474596,1
Merge Sort,1000,reverse,5,20260930,3359120155889509746,LMS,1,21770,1
Shell Sort,1000,reverse,5,20260930,3359120155889509746,LMS,2,22152,1
Shell Sort,1000,reverse,6,20260930,6857182655946930219,SML,0,21931,1
Merge Sort,1000,reverse,6,20260930,6857182655946930219,SML,1,21210,1
Library Sort,1000,reverse,6,20260930,6857182655946930219,SML,2,319075,1
Shell Sort,1000,reverse,7,20260930,13971966195291481144,SLM,0,21611,1
Library Sort,1000,reverse,7,20260930,13971966195291481144,SLM,1,359501,1
Merge Sort,1000,reverse,7,20260930,13971966195291481144,SLM,2,21420,1
Merge Sort,1000,reverse,8,20260930,9643227431399081978,MSL,0,21079,1
Shell Sort,1000,reverse,8,20260930,9643227431399081978,MSL,1,22572,1
Library Sort,1000,reverse,8,20260930,9643227431399081978,MSL,2,323114,1
Merge Sort,1000,reverse,9,20260930,565108872997523703,MLS,0,21049,1
Library Sort,1000,reverse,9,20260930,565108872997523703,MLS,1,374058,1
Shell Sort,1000,reverse,9,20260930,565108872997523703,MLS,2,24035,1
Shell Sort,1000,duplicate-heavy,0,20260930,15139345110161793847,SML,0,51586,1
Merge Sort,1000,duplicate-heavy,0,20260930,15139345110161793847,SML,1,54662,1
Library Sort,1000,duplicate-heavy,0,20260930,15139345110161793847,SML,2,1676508,1
Shell Sort,1000,duplicate-heavy,1,20260930,4016115833132913814,SLM,0,42419,1
Library Sort,1000,duplicate-heavy,1,20260930,4016115833132913814,SLM,1,1499578,1
Merge Sort,1000,duplicate-heavy,1,20260930,4016115833132913814,SLM,2,52277,1
Merge Sort,1000,duplicate-heavy,2,20260930,17477095916460043810,MSL,0,51446,1
Shell Sort,1000,duplicate-heavy,2,20260930,17477095916460043810,MSL,1,44764,1
Library Sort,1000,duplicate-heavy,2,20260930,17477095916460043810,MSL,2,1950330,1
Merge Sort,1000,duplicate-heavy,3,20260930,123868871543563524,MLS,0,67656,1
Library Sort,1000,duplicate-heavy,3,20260930,123868871543563524,MLS,1,1446619,1
Shell Sort,1000,duplicate-heavy,3,20260930,123868871543563524,MLS,2,44623,1
Library Sort,1000,duplicate-heavy,4,20260930,13842179886227659590,LSM,0,1221419,1
Shell Sort,1000,duplicate-heavy,4,20260930,13842179886227659590,LSM,1,45154,1
Merge Sort,1000,duplicate-heavy,4,20260930,13842179886227659590,LSM,2,53329,1
Library Sort,1000,duplicate-heavy,5,20260930,5961121032218715228,LMS,0,1503385,1
Merge Sort,1000,duplicate-heavy,5,20260930,5961121032218715228,LMS,1,49592,1
Shell Sort,1000,duplicate-heavy,5,20260930,5961121032218715228,LMS,2,43070,1
Shell Sort,1000,duplicate-heavy,6,20260930,12587377732837345280,SML,0,41407,1
Merge Sort,1000,duplicate-heavy,6,20260930,12587377732837345280,SML,1,51776,1
Library Sort,1000,duplicate-heavy,6,20260930,12587377732837345280,SML,2,1572024,1
Shell Sort,1000,duplicate-heavy,7,20260930,17869596873060019622,SLM,0,43962,1
Library Sort,1000,duplicate-heavy,7,20260930,17869596873060019622,SLM,1,1448664,1
Merge Sort,1000,duplicate-heavy,7,20260930,17869596873060019622,SLM,2,37089,1
Merge Sort,1000,duplicate-heavy,8,20260930,17442619320541814674,MSL,0,37540,1
Shell Sort,1000,duplicate-heavy,8,20260930,17442619320541814674,MSL,1,41358,1
Library Sort,1000,duplicate-heavy,8,20260930,17442619320541814674,MSL,2,865706,1
Merge Sort,1000,duplicate-heavy,9,20260930,16931587066588999997,MLS,0,37190,1
Library Sort,1000,duplicate-heavy,9,20260930,16931587066588999997,MLS,1,814971,1
Shell Sort,1000,duplicate-heavy,9,20260930,16931587066588999997,MLS,2,35396,1
Shell Sort,2000,random,0,20260930,11099523220978474333,SML,0,121486,1
Merge Sort,2000,random,0,20260930,11099523220978474333,SML,1,100407,1
Library Sort,2000,random,0,20260930,11099523220978474333,SML,2,3633711,1
Shell Sort,2000,random,1,20260930,17113606792261237656,SLM,0,120405,1
Library Sort,2000,random,1,20260930,17113606792261237656,SLM,1,3523656,1
Merge Sort,2000,random,1,20260930,17113606792261237656,SLM,2,100798,1
Merge Sort,2000,random,2,20260930,14485715238033196799,MSL,0,102812,1
Shell Sort,2000,random,2,20260930,14485715238033196799,MSL,1,131816,1
Library Sort,2000,random,2,20260930,14485715238033196799,MSL,2,3410204,1
Merge Sort,2000,random,3,20260930,2266317459386633608,MLS,0,109886,1
Library Sort,2000,random,3,20260930,2266317459386633608,MLS,1,3592103,1
Shell Sort,2000,random,3,20260930,2266317459386633608,MLS,2,118902,1
Library Sort,2000,random,4,20260930,14238056353296271755,LSM,0,3719902,1
Shell Sort,2000,random,4,20260930,14238056353296271755,LSM,1,120215,1
Merge Sort,2000,random,4,20260930,14238056353296271755,LSM,2,100337,1
Library Sort,2000,random,5,20260930,292689427585721151,LMS,0,3448806,1
Merge Sort,2000,random,5,20260930,292689427585721151,LMS,1,102982,1
Shell Sort,2000,random,5,20260930,292689427585721151,LMS,2,122579,1
Shell Sort,2000,random,6,20260930,13520622132739004614,SML,0,136325,1
Merge Sort,2000,random,6,20260930,13520622132739004614,SML,1,109354,1
Library Sort,2000,random,6,20260930,13520622132739004614,SML,2,3568680,1
Shell Sort,2000,random,7,20260930,6688738346945381491,SLM,0,131465,1
Library Sort,2000,random,7,20260930,6688738346945381491,SLM,1,3693934,1
Merge Sort,2000,random,7,20260930,6688738346945381491,SLM,2,100728,1
Merge Sort,2000,random,8,20260930,7738464121462720069,MSL,0,100397,1
Shell Sort,2000,random,8,20260930,7738464121462720069,MSL,1,132096,1
Library Sort,2000,random,8,20260930,7738464121462720069,MSL,2,3499811,1
Merge Sort,2000,random,9,20260930,3744908019913385764,MLS,0,101469,1
Library Sort,2000,random,9,20260930,3744908019913385764,MLS,1,3638059,1
Shell Sort,2000,random,9,20260930,3744908019913385764,MLS,2,120585,1
Shell Sort,2000,sorted,0,20260930,5111753533844295801,SML,0,22332,1
Merge Sort,2000,sorted,0,20260930,5111753533844295801,SML,1,28113,1
Library Sort,2000,sorted,0,20260930,5111753533844295801,SML,2,11196554,1
Shell Sort,2000,sorted,1,20260930,13909461039527143275,SLM,0,50287,1
Library Sort,2000,sorted,1,20260930,13909461039527143275,SLM,1,12703924,1
Merge Sort,2000,sorted,1,20260930,13909461039527143275,SLM,2,57086,1
Merge Sort,2000,sorted,2,20260930,5521744632894598079,MSL,0,55894,1
Shell Sort,2000,sorted,2,20260930,5521744632894598079,MSL,1,27923,1
Library Sort,2000,sorted,2,20260930,5521744632894598079,MSL,2,15239448,1
Merge Sort,2000,sorted,3,20260930,11077169580543044488,MLS,0,58139,1
Library Sort,2000,sorted,3,20260930,11077169580543044488,MLS,1,8227113,1
Shell Sort,2000,sorted,3,20260930,11077169580543044488,MLS,2,16892,1
Library Sort,2000,sorted,4,20260930,17276705450823776371,LSM,0,7532957,1
Shell Sort,2000,sorted,4,20260930,17276705450823776371,LSM,1,30356,1
Merge Sort,2000,sorted,4,20260930,17276705450823776371,LSM,2,28403,1
Library Sort,2000,sorted,5,20260930,9981271555657794928,LMS,0,7090622,1
Merge Sort,2000,sorted,5,20260930,9981271555657794928,LMS,1,61445,1
Shell Sort,2000,sorted,5,20260930,9981271555657794928,LMS,2,28564,1
Shell Sort,2000,sorted,6,20260930,6831952677606525818,SML,0,16791,1
Merge Sort,2000,sorted,6,20260930,6831952677606525818,SML,1,28424,1
Library Sort,2000,sorted,6,20260930,6831952677606525818,SML,2,6836056,1
Shell Sort,2000,sorted,7,20260930,12341793962142523649,SLM,0,22362,1
Library Sort,2000,sorted,7,20260930,12341793962142523649,SLM,1,6870682,1
Merge Sort,2000,sorted,7,20260930,12341793962142523649,SLM,2,28123,1
Merge Sort,2000,sorted,8,20260930,8651762288103486516,MSL,0,30036,1
Shell Sort,2000,sorted,8,20260930,8651762288103486516,MSL,1,16831,1
Library Sort,2000,sorted,8,20260930,8651762288103486516,MSL,2,10340694,1
Merge Sort,2000,sorted,9,20260930,6837305453129441436,MLS,0,66224,1
Library Sort,2000,sorted,9,20260930,6837305453129441436,MLS,1,8811694,1
Shell Sort,2000,sorted,9,20260930,6837305453129441436,MLS,2,16882,1
Shell Sort,2000,reverse,0,20260930,15746265994148848263,SML,0,24606,1
Merge Sort,2000,reverse,0,20260930,15746265994148848263,SML,1,22652,1
Library Sort,2000,reverse,0,20260930,15746265994148848263,SML,2,601101,1
Shell Sort,2000,reverse,1,20260930,2916014400694827037,SLM,0,25597,1
Library Sort,2000,reverse,1,20260930,2916014400694827037,SLM,1,631499,1
Merge Sort,2000,reverse,1,20260930,2916014400694827037,SLM,2,22632,1
Merge Sort,2000,reverse,2,20260930,3007221964373410686,MSL,0,22352,1
Shell Sort,2000,reverse,2,20260930,3007221964373410686,MSL,1,25368,1
Library Sort,2000,reverse,2,20260930,3007221964373410686,MSL,2,638291,1
Merge Sort,2000,reverse,3,20260930,3388478737077116473,MLS,0,22071,1
Library Sort,2000,reverse,3,20260930,3388478737077116473,MLS,1,645645,1
Shell Sort,2000,reverse,3,20260930,3388478737077116473,MLS,2,29084,1
Library Sort,2000,reverse,4,20260930,2077318794164032747,LSM,0,641136,1
Shell Sort,2000,reverse,4,20260930,2077318794164032747,LSM,1,27271,1
Merge Sort,2000,reverse,4,20260930,2077318794164032747,LSM,2,22341,1
Library Sort,2000,reverse,5,20260930,7189308308674030305,LMS,0,613425,1
Merge Sort,2000,reverse,5,20260930,7189308308674030305,LMS,1,22051,1
Shell Sort,2000,reverse,5,20260930,7189308308674030305,LMS,2,25318,1
Shell Sort,2000,reverse,6,20260930,7678828746912053643,SML,0,25197,1
Merge Sort,2000,reverse,6,20260930,7678828746912053643,SML,1,21961,1
Library Sort,2000,reverse,6,20260930,7678828746912053643,SML,2,605630,1
Shell Sort,2000,reverse,7,20260930,958244858133868912,SLM,0,25317,1
Library Sort,2000,reverse,7,20260930,958244858133868912,SLM,1,596403,1
Merge Sort,2000,reverse,7,20260930,958244858133868912,SLM,2,22001,1
Merge Sort,2000,reverse,8,20260930,15417704911099193669,MSL,0,21951,1
Shell Sort,2000,reverse,8,20260930,15417704911099193669,MSL,1,25347,1
Library Sort,2000,reverse,8,20260930,15417704911099193669,MSL,2,604699,1
Merge Sort,2000,reverse,9,20260930,8923699488580727803,MLS,0,22011,1
Library Sort,2000,reverse,9,20260930,8923699488580727803,MLS,1,638612,1
Shell Sort,2000,reverse,9,20260930,8923699488580727803,MLS,2,25377,1
Shell Sort,2000,duplicate-heavy,0,20260930,9366507311664551272,SML,0,82264,1
Merge Sort,2000,duplicate-heavy,0,20260930,9366507311664551272,SML,1,75110,1
Library Sort,2000,duplicate-heavy,0,20260930,9366507311664551272,SML,2,3845496,1
Shell Sort,2000,duplicate-heavy,1,20260930,15412835508824563889,SLM,0,89306,1
Library Sort,2000,duplicate-heavy,1,20260930,15412835508824563889,SLM,1,4283774,1
Merge Sort,2000,duplicate-heavy,1,20260930,15412835508824563889,SLM,2,105787,1
Merge Sort,2000,duplicate-heavy,2,20260930,3270769639926914526,MSL,0,110867,1
Shell Sort,2000,duplicate-heavy,2,20260930,3270769639926914526,MSL,1,100006,1
Library Sort,2000,duplicate-heavy,2,20260930,3270769639926914526,MSL,2,7080914,1
Merge Sort,2000,duplicate-heavy,3,20260930,6227113822746400771,MLS,0,106529,1
Library Sort,2000,duplicate-heavy,3,20260930,6227113822746400771,MLS,1,5579552,1
Shell Sort,2000,duplicate-heavy,3,20260930,6227113822746400771,MLS,2,97502,1
Library Sort,2000,duplicate-heavy,4,20260930,16071163305956603236,LSM,0,5801998,1
Shell Sort,2000,duplicate-heavy,4,20260930,16071163305956603236,LSM,1,95408,1
Merge Sort,2000,duplicate-heavy,4,20260930,16071163305956603236,LSM,2,104365,1
Library Sort,2000,duplicate-heavy,5,20260930,11297322803683336231,LMS,0,6967231,1
Merge Sort,2000,duplicate-heavy,5,20260930,11297322803683336231,LMS,1,129892,1
Shell Sort,2000,duplicate-heavy,5,20260930,11297322803683336231,LMS,2,97362,1
Shell Sort,2000,duplicate-heavy,6,20260930,3538805002505114149,SML,0,104896,1
Merge Sort,2000,duplicate-heavy,6,20260930,3538805002505114149,SML,1,116918,1
Library Sort,2000,duplicate-heavy,6,20260930,3538805002505114149,SML,2,11212915,1
Shell Sort,2000,duplicate-heavy,7,20260930,11098489345026837668,SLM,0,91481,1
Library Sort,2000,duplicate-heavy,7,20260930,11098489345026837668,SLM,1,4163049,1
Merge Sort,2000,duplicate-heavy,7,20260930,11098489345026837668,SLM,2,75281,1
Merge Sort,2000,duplicate-heavy,8,20260930,15950915713136564636,MSL,0,75331,1
Shell Sort,2000,duplicate-heavy,8,20260930,15950915713136564636,MSL,1,74900,1
Library Sort,2000,duplicate-heavy,8,20260930,15950915713136564636,MSL,2,2735815,1
Merge Sort,2000,duplicate-heavy,9,20260930,1509622201825897896,MLS,0,78016,1
Library Sort,2000,duplicate-heavy,9,20260930,1509622201825897896,MLS,1,2912424,1
Shell Sort,2000,duplicate-heavy,9,20260930,1509622201825897896,MLS,2,73206,1
Shell Sort,5000,random,0,20260930,11876310279690454910,SML,0,356155,1
Merge Sort,5000,random,0,20260930,11876310279690454910,SML,1,278890,1
Library Sort,5000,random,0,20260930,11876310279690454910,SML,2,28401490,1
Shell Sort,5000,random,1,20260930,12661593538043065645,SLM,0,337691,1
Library Sort,5000,random,1,20260930,12661593538043065645,SLM,1,31465147,1
Merge Sort,5000,random,1,20260930,12661593538043065645,SLM,2,279582,1
Merge Sort,5000,random,2,20260930,1405040189354895186,MSL,0,397892,1
Shell Sort,5000,random,2,20260930,1405040189354895186,MSL,1,437357,1
Library Sort,5000,random,2,20260930,1405040189354895186,MSL,2,30730297,1
Merge Sort,5000,random,3,20260930,7495205510416421829,MLS,0,289360,1
Library Sort,5000,random,3,20260930,7495205510416421829,MLS,1,29269861,1
Shell Sort,5000,random,3,20260930,7495205510416421829,MLS,2,439751,1
Library Sort,5000,random,4,20260930,9399640198041837688,LSM,0,46843034,1
Shell Sort,5000,random,4,20260930,9399640198041837688,LSM,1,413492,1
Merge Sort,5000,random,4,20260930,9399640198041837688,LSM,2,883548,1
Library Sort,5000,random,5,20260930,12198417297005992226,LMS,0,63986911,1
Merge Sort,5000,random,5,20260930,12198417297005992226,LMS,1,279132,1
Shell Sort,5000,random,5,20260930,12198417297005992226,LMS,2,343191,1
Shell Sort,5000,random,6,20260930,12883048747369817972,SML,0,345495,1
Merge Sort,5000,random,6,20260930,12883048747369817972,SML,1,278489,1
Library Sort,5000,random,6,20260930,12883048747369817972,SML,2,32162118,1
Shell Sort,5000,random,7,20260930,4038124144861997005,SLM,0,342319,1
Library Sort,5000,random,7,20260930,4038124144861997005,SLM,1,26130189,1
Merge Sort,5000,random,7,20260930,4038124144861997005,SLM,2,278930,1
Merge Sort,5000,random,8,20260930,4877423734329586070,MSL,0,288117,1
Shell Sort,5000,random,8,20260930,4877423734329586070,MSL,1,341878,1
Library Sort,5000,random,8,20260930,4877423734329586070,MSL,2,23127448,1
Merge Sort,5000,random,9,20260930,17756958330272957053,MLS,0,299329,1
Library Sort,5000,random,9,20260930,17756958330272957053,MLS,1,23093154,1
Shell Sort,5000,random,9,20260930,17756958330272957053,MLS,2,363608,1
Shell Sort,5000,sorted,0,20260930,11942772381425118448,SML,0,51025,1
Merge Sort,5000,sorted,0,20260930,11942772381425118448,SML,1,79909,1
Library Sort,5000,sorted,0,20260930,11942772381425118448,SML,2,59132188,1
Shell Sort,5000,sorted,1,20260930,14754097549062605967,SLM,0,51085,1
Library Sort,5000,sorted,1,20260930,14754097549062605967,SLM,1,42239183,1
Merge Sort,5000,sorted,1,20260930,14754097549062605967,SLM,2,79899,1
Merge Sort,5000,sorted,2,20260930,5840975937703240841,MSL,0,80139,1
Shell Sort,5000,sorted,2,20260930,5840975937703240841,MSL,1,51055,1
Library Sort,5000,sorted,2,20260930,5840975937703240841,MSL,2,54405677,1
Merge Sort,5000,sorted,3,20260930,13960546994082808894,MLS,0,79829,1
Library Sort,5000,sorted,3,20260930,13960546994082808894,MLS,1,63650686,1
Shell Sort,5000,sorted,3,20260930,13960546994082808894,MLS,2,91852,1
Library Sort,5000,sorted,4,20260930,16695727055349969570,LSM,0,45927746,1
Shell Sort,5000,sorted,4,20260930,16695727055349969570,LSM,1,51095,1
Merge Sort,5000,sorted,4,20260930,16695727055349969570,LSM,2,80229,1
Library Sort,5000,sorted,5,20260930,17459783404293033931,LMS,0,58155545,1
Merge Sort,5000,sorted,5,20260930,17459783404293033931,LMS,1,80350,1
Shell Sort,5000,sorted,5,20260930,17459783404293033931,LMS,2,77084,1
Shell Sort,5000,sorted,6,20260930,3431124670855106900,SML,0,50985,1
Merge Sort,5000,sorted,6,20260930,3431124670855106900,SML,1,80711,1
Library Sort,5000,sorted,6,20260930,3431124670855106900,SML,2,48279505,1
Shell Sort,5000,sorted,7,20260930,5207636977695850455,SLM,0,51075,1
Library Sort,5000,sorted,7,20260930,5207636977695850455,SLM,1,52405985,1
Merge Sort,5000,sorted,7,20260930,5207636977695850455,SLM,2,79839,1
Merge Sort,5000,sorted,8,20260930,16083725878794260244,MSL,0,79909,1
Shell Sort,5000,sorted,8,20260930,16083725878794260244,MSL,1,51096,1
Library Sort,5000,sorted,8,20260930,16083725878794260244,MSL,2,60822916,1
Merge Sort,5000,sorted,9,20260930,9377956053150376072,MLS,0,79588,1
Library Sort,5000,sorted,9,20260930,9377956053150376072,MLS,1,52107508,1
Shell Sort,5000,sorted,9,20260930,9377956053150376072,MLS,2,51276,1
Shell Sort,5000,reverse,0,20260930,2939286646595379672,SML,0,70122,1
Merge Sort,5000,reverse,0,20260930,2939286646595379672,SML,1,71353,1
Library Sort,5000,reverse,0,20260930,2939286646595379672,SML,2,2758407,1
Shell Sort,5000,reverse,1,20260930,6191461844327563482,SLM,0,83216,1
Library Sort,5000,reverse,1,20260930,6191461844327563482,SLM,1,3125680,1
Merge Sort,5000,reverse,1,20260930,6191461844327563482,SLM,2,61385,1
Merge Sort,5000,reverse,2,20260930,4056994660874282759,MSL,0,61475,1
Shell Sort,5000,reverse,2,20260930,4056994660874282759,MSL,1,69720,1
Library Sort,5000,reverse,2,20260930,4056994660874282759,MSL,2,2823699,1
Merge Sort,5000,reverse,3,20260930,7875075054701394744,MLS,0,60803,1
Library Sort,5000,reverse,3,20260930,7875075054701394744,MLS,1,2721589,1
Shell Sort,5000,reverse,3,20260930,7875075054701394744,MLS,2,69730,1
Library Sort,5000,reverse,4,20260930,13848950033584594422,LSM,0,2719916,1
Shell Sort,5000,reverse,4,20260930,13848950033584594422,LSM,1,73848,1
Merge Sort,5000,reverse,4,20260930,13848950033584594422,LSM,2,61514,1
Library Sort,5000,reverse,5,20260930,2029069427020300948,LMS,0,2911583,1
Merge Sort,5000,reverse,5,20260930,2029069427020300948,LMS,1,87853,1
Shell Sort,5000,reverse,5,20260930,2029069427020300948,LMS,2,90720,1
Shell Sort,5000,reverse,6,20260930,18177921672272449803,SML,0,73497,1
Merge Sort,5000,reverse,6,20260930,18177921672272449803,SML,1,61474,1
Library Sort,5000,reverse,6,20260930,18177921672272449803,SML,2,2734924,1
Shell Sort,5000,reverse,7,20260930,12663158292185199346,SLM,0,73768,1
Library Sort,5000,reverse,7,20260930,12663158292185199346,SLM,1,2788604,1
Merge Sort,5000,reverse,7,20260930,12663158292185199346,SLM,2,61574,1
Merge Sort,5000,reverse,8,20260930,267630694831271086,MSL,0,61344,1
Shell Sort,5000,reverse,8,20260930,267630694831271086,MSL,1,95038,1
Library Sort,5000,reverse,8,20260930,267630694831271086,MSL,2,2716049,1
Merge Sort,5000,reverse,9,20260930,2812778068683021827,MLS,0,60713,1
Library Sort,5000,reverse,9,20260930,2812778068683021827,MLS,1,2752166,1
Shell Sort,5000,reverse,9,20260930,2812778068683021827,MLS,2,73728,1
Shell Sort,5000,duplicate-heavy,0,20260930,5999568847857775638,SML,0,204110,1
Merge Sort,5000,duplicate-heavy,0,20260930,5999568847857775638,SML,1,194513,1
Library Sort,5000,duplicate-heavy,0,20260930,5999568847857775638,SML,2,17277562,1
Shell Sort,5000,duplicate-heavy,1,20260930,15755508967052804299,SLM,0,216674,1
Library Sort,5000,duplicate-heavy,1,20260930,15755508967052804299,SLM,1,19358124,1
Merge Sort,5000,duplicate-heavy,1,20260930,15755508967052804299,SLM,2,300881,1
Merge Sort,5000,duplicate-heavy,2,20260930,17241918267081377294,MSL,0,294049,1
Shell Sort,5000,duplicate-heavy,2,20260930,17241918267081377294,MSL,1,312814,1
Library Sort,5000,duplicate-heavy,2,20260930,17241918267081377294,MSL,2,26452767,1
Merge Sort,5000,duplicate-heavy,3,20260930,4128937982891645816,MLS,0,195334,1
Library Sort,5000,duplicate-heavy,3,20260930,4128937982891645816,MLS,1,18104616,1
Shell Sort,5000,duplicate-heavy,3,20260930,4128937982891645816,MLS,2,204932,1
Library Sort,5000,duplicate-heavy,4,20260930,3577448623405502642,LSM,0,19550814,1
Shell Sort,5000,duplicate-heavy,4,20260930,3577448623405502642,LSM,1,200595,1
Merge Sort,5000,duplicate-heavy,4,20260930,3577448623405502642,LSM,2,196076,1
Library Sort,5000,duplicate-heavy,5,20260930,13508469467806121650,LMS,0,17460814,1
Merge Sort,5000,duplicate-heavy,5,20260930,13508469467806121650,LMS,1,195154,1
Shell Sort,5000,duplicate-heavy,5,20260930,13508469467806121650,LMS,2,212957,1
Shell Sort,5000,duplicate-heavy,6,20260930,7088429395050478876,SML,0,209882,1
Merge Sort,5000,duplicate-heavy,6,20260930,7088429395050478876,SML,1,196096,1
Library Sort,5000,duplicate-heavy,6,20260930,7088429395050478876,SML,2,24582461,1
Shell Sort,5000,duplicate-heavy,7,20260930,17980939192511330773,SLM,0,309107,1
Library Sort,5000,duplicate-heavy,7,20260930,17980939192511330773,SLM,1,24204572,1
Merge Sort,5000,duplicate-heavy,7,20260930,17980939192511330773,SLM,2,195425,1
Merge Sort,5000,duplicate-heavy,8,20260930,13184399289252163795,MSL,0,257190,1
Shell Sort,5000,duplicate-heavy,8,20260930,13184399289252163795,MSL,1,206455,1
Library Sort,5000,duplicate-heavy,8,20260930,13184399289252163795,MSL,2,18810352,1
Merge Sort,5000,duplicate-heavy,9,20260930,1382455527966248126,MLS,0,195374,1
Library Sort,5000,duplicate-heavy,9,20260930,1382455527966248126,MLS,1,18368237,1
Shell Sort,5000,duplicate-heavy,9,20260930,1382455527966248126,MLS,2,201005,1
Shell Sort,10000,random,0,20260930,14766519053578494876,SML,0,751914,1
Merge Sort,10000,random,0,20260930,14766519053578494876,SML,1,631348,1
Library Sort,10000,random,0,20260930,14766519053578494876,SML,2,136474583,1
Shell Sort,10000,random,1,20260930,9905648947689135253,SLM,0,2967908,1
Library Sort,10000,random,1,20260930,9905648947689135253,SLM,1,183213096,1
Merge Sort,10000,random,1,20260930,9905648947689135253,SLM,2,869232,1
Merge Sort,10000,random,2,20260930,13248392140544355958,MSL,0,840018,1
Shell Sort,10000,random,2,20260930,13248392140544355958,MSL,1,968648,1
Library Sort,10000,random,2,20260930,13248392140544355958,MSL,2,203599299,1
Merge Sort,10000,random,3,20260930,16146739360998655181,MLS,0,854815,1
Library Sort,10000,random,3,20260930,16146739360998655181,MLS,1,191173682,1
Shell Sort,10000,random,3,20260930,16146739360998655181,MLS,2,986851,1
Library Sort,10000,random,4,20260930,2930837809515123899,LSM,0,217957894,1
Shell Sort,10000,random,4,20260930,2930837809515123899,LSM,1,1321937,1
Merge Sort,10000,random,4,20260930,2930837809515123899,LSM,2,837654,1
Library Sort,10000,random,5,20260930,4315453183483083657,LMS,0,242807930,1
Merge Sort,10000,random,5,20260930,4315453183483083657,LMS,1,827184,1
Shell Sort,10000,random,5,20260930,4315453183483083657,LMS,2,965011,1
Shell Sort,10000,random,6,20260930,7036143845552862656,SML,0,1041513,1
Merge Sort,10000,random,6,20260930,7036143845552862656,SML,1,854514,1
Library Sort,10000,random,6,20260930,7036143845552862656,SML,2,191098348,1
Shell Sort,10000,random,7,20260930,7407543622338422084,SLM,0,762253,1
Library Sort,10000,random,7,20260930,7407543622338422084,SLM,1,116174645,1
Merge Sort,10000,random,7,20260930,7407543622338422084,SLM,2,614997,1
Merge Sort,10000,random,8,20260930,9259042528352018472,MSL,0,649442,1
Shell Sort,10000,random,8,20260930,9259042528352018472,MSL,1,1005236,1
Library Sort,10000,random,8,20260930,9259042528352018472,MSL,2,131067206,1
Merge Sort,10000,random,9,20260930,8216130437550071694,MLS,0,845287,1
Library Sort,10000,random,9,20260930,8216130437550071694,MLS,1,120546263,1
Shell Sort,10000,random,9,20260930,8216130437550071694,MLS,2,960422,1
Shell Sort,10000,sorted,0,20260930,12595574493881836930,SML,0,250146,1
Merge Sort,10000,sorted,0,20260930,12595574493881836930,SML,1,370351,1
Library Sort,10000,sorted,0,20260930,12595574493881836930,SML,2,214674677,1
Shell Sort,10000,sorted,1,20260930,5067211479466539362,SLM,0,111207,1
Library Sort,10000,sorted,1,20260930,5067211479466539362,SLM,1,194906297,1
Merge Sort,10000,sorted,1,20260930,5067211479466539362,SLM,2,179956,1
Merge Sort,10000,sorted,2,20260930,5398166355981265804,MSL,0,330867,1
Shell Sort,10000,sorted,2,20260930,5398166355981265804,MSL,1,163796,1
Library Sort,10000,sorted,2,20260930,5398166355981265804,MSL,2,186355531,1
Merge Sort,10000,sorted,3,20260930,13748183645861586286,MLS,0,169286,1
Library Sort,10000,sorted,3,20260930,13748183645861586286,MLS,1,244764017,1
Shell Sort,10000,sorted,3,20260930,13748183645861586286,MLS,2,111548,1
Library Sort,10000,sorted,4,20260930,9668880018348066510,LSM,0,203487804,1
Shell Sort,10000,sorted,4,20260930,9668880018348066510,LSM,1,192620,1
Merge Sort,10000,sorted,4,20260930,9668880018348066510,LSM,2,371213,1
Library Sort,10000,sorted,5,20260930,3630287680136459829,LMS,0,232343430,1
Merge Sort,10000,sorted,5,20260930,3630287680136459829,LMS,1,371693,1
Shell Sort,10000,sorted,5,20260930,3630287680136459829,LMS,2,219500,1
Shell Sort,10000,sorted,6,20260930,14353751857741404804,SML,0,199132,1
Merge Sort,10000,sorted,6,20260930,14353751857741404804,SML,1,396640,1
Library Sort,10000,sorted,6,20260930,14353751857741404804,SML,2,203569063,1
Shell Sort,10000,sorted,7,20260930,1410351945265358827,SLM,0,111337,1
Library Sort,10000,sorted,7,20260930,1410351945265358827,SLM,1,183636987,1
Merge Sort,10000,sorted,7,20260930,1410351945265358827,SLM,2,368057,1
Merge Sort,10000,sorted,8,20260930,3160606535871967974,MSL,0,168946,1
Shell Sort,10000,sorted,8,20260930,3160606535871967974,MSL,1,111327,1
Library Sort,10000,sorted,8,20260930,3160606535871967974,MSL,2,331667229,1
Merge Sort,10000,sorted,9,20260930,62157124574533016,MLS,0,188091,1
Library Sort,10000,sorted,9,20260930,62157124574533016,MLS,1,189845143,1
Shell Sort,10000,sorted,9,20260930,62157124574533016,MLS,2,111438,1
Shell Sort,10000,reverse,0,20260930,17959390286489223527,SML,0,151062,1
Merge Sort,10000,reverse,0,20260930,17959390286489223527,SML,1,130353,1
Library Sort,10000,reverse,0,20260930,17959390286489223527,SML,2,10550148,1
Shell Sort,10000,reverse,1,20260930,12274520192012955728,SLM,0,150291,1
Library Sort,10000,reverse,1,20260930,12274520192012955728,SLM,1,10658497,1
Merge Sort,10000,reverse,1,20260930,12274520192012955728,SLM,2,129621,1
Merge Sort,10000,reverse,2,20260930,14685835774367106816,MSL,0,130253,1
Shell Sort,10000,reverse,2,20260930,14685835774367106816,MSL,1,184855,1
Library Sort,10000,reverse,2,20260930,14685835774367106816,MSL,2,11259602,1
Merge Sort,10000,reverse,3,20260930,2207820026465285269,MLS,0,129802,1
Library Sort,10000,reverse,3,20260930,2207820026465285269,MLS,1,10568292,1
Shell Sort,10000,reverse,3,20260930,2207820026465285269,MLS,2,150230,1
Library Sort,10000,reverse,4,20260930,6573881555713263112,LSM,0,10547042,1
Shell Sort,10000,reverse,4,20260930,6573881555713263112,LSM,1,194493,1
Merge Sort,10000,reverse,4,20260930,6573881555713263112,LSM,2,129151,1
Library Sort,10000,reverse,5,20260930,12005527879385486921,LMS,0,15977606,1
Merge Sort,10000,reverse,5,20260930,12005527879385486921,LMS,1,292055,1
Shell Sort,10000,reverse,5,20260930,12005527879385486921,LMS,2,311260,1
Shell Sort,10000,reverse,6,20260930,398295886683178436,SML,0,320618,1
Merge Sort,10000,reverse,6,20260930,398295886683178436,SML,1,257020,1
Library Sort,10000,reverse,6,20260930,398295886683178436,SML,2,26260649,1
Shell Sort,10000,reverse,7,20260930,11769357806623732610,SLM,0,332371,1
Library Sort,10000,reverse,7,20260930,11769357806623732610,SLM,1,19285308,1
Merge Sort,10000,reverse,7,20260930,11769357806623732610,SLM,2,130062,1
Merge Sort,10000,reverse,8,20260930,4698221905142620113,MSL,0,130203,1
Shell Sort,10000,reverse,8,20260930,4698221905142620113,MSL,1,150511,1
Library Sort,10000,reverse,8,20260930,4698221905142620113,MSL,2,10789484,1
Merge Sort,10000,reverse,9,20260930,1945315715423194440,MLS,0,129903,1
Library Sort,10000,reverse,9,20260930,1945315715423194440,MLS,1,10542142,1
Shell Sort,10000,reverse,9,20260930,1945315715423194440,MLS,2,150420,1
Shell Sort,10000,duplicate-heavy,0,20260930,1388932849912867598,SML,0,485356,1
Merge Sort,10000,duplicate-heavy,0,20260930,1388932849912867598,SML,1,400016,1
Library Sort,10000,duplicate-heavy,0,20260930,1388932849912867598,SML,2,127925531,1
Shell Sort,10000,duplicate-heavy,1,20260930,12910657166618455149,SLM,0,631429,1
Library Sort,10000,duplicate-heavy,1,20260930,12910657166618455149,SLM,1,124143766,1
Merge Sort,10000,duplicate-heavy,1,20260930,12910657166618455149,SLM,2,397812,1
Merge Sort,10000,duplicate-heavy,2,20260930,14409640569871936390,MSL,0,404445,1
Shell Sort,10000,duplicate-heavy,2,20260930,14409640569871936390,MSL,1,440442,1
Library Sort,10000,duplicate-heavy,2,20260930,14409640569871936390,MSL,2,83274339,1
Merge Sort,10000,duplicate-heavy,3,20260930,10410943246738197182,MLS,0,398152,1
Library Sort,10000,duplicate-heavy,3,20260930,10410943246738197182,MLS,1,86168451,1
Shell Sort,10000,duplicate-heavy,3,20260930,10410943246738197182,MLS,2,586895,1
Library Sort,10000,duplicate-heavy,4,20260930,5044347101611309968,LSM,0,76573554,1
Shell Sort,10000,duplicate-heavy,4,20260930,5044347101611309968,LSM,1,426436,1
Merge Sort,10000,duplicate-heavy,4,20260930,5044347101611309968,LSM,2,399546,1
Library Sort,10000,duplicate-heavy,5,20260930,4475121323448133375,LMS,0,83237621,1
Merge Sort,10000,duplicate-heavy,5,20260930,4475121323448133375,LMS,1,409774,1
Shell Sort,10000,duplicate-heavy,5,20260930,4475121323448133375,LMS,2,439410,1
Shell Sort,10000,duplicate-heavy,6,20260930,7243036003652514859,SML,0,416878,1
Merge Sort,10000,duplicate-heavy,6,20260930,7243036003652514859,SML,1,408934,1
Library Sort,10000,duplicate-heavy,6,20260930,7243036003652514859,SML,2,80043430,1
Shell Sort,10000,duplicate-heavy,7,20260930,10912088561151908426,SLM,0,429672,1
Library Sort,10000,duplicate-heavy,7,20260930,10912088561151908426,SLM,1,92533488,1
Merge Sort,10000,duplicate-heavy,7,20260930,10912088561151908426,SLM,2,408442,1
Merge Sort,10000,duplicate-heavy,8,20260930,4044459816816292911,MSL,0,408342,1
Shell Sort,10000,duplicate-heavy,8,20260930,4044459816816292911,MSL,1,420636,1
Library Sort,10000,duplicate-heavy,8,20260930,4044459816816292911,MSL,2,80968717,1
Merge Sort,10000,duplicate-heavy,9,20260930,11659250367715568409,MLS,0,395808,1
Library Sort,10000,duplicate-heavy,9,20260930,11659250367715568409,MLS,1,74677477,1
Shell Sort,10000,duplicate-heavy,9,20260930,11659250367715568409,MLS,2,615108,1
Shell Sort,20000,random,0,20260930,2427361776095102714,SML,0,2119014,1
Merge Sort,20000,random,0,20260930,2427361776095102714,SML,1,1700253,1
Library Sort,20000,random,0,20260930,2427361776095102714,SML,2,448935598,1
Shell Sort,20000,random,1,20260930,16821337751582667113,SLM,0,1680546,1
Library Sort,20000,random,1,20260930,16821337751582667113,SLM,1,483346616,1
Merge Sort,20000,random,1,20260930,16821337751582667113,SLM,2,1354828,1
Merge Sort,20000,random,2,20260930,2723517343400139750,MSL,0,1351642,1
Shell Sort,20000,random,2,20260930,2723517343400139750,MSL,1,1672130,1
Library Sort,20000,random,2,20260930,2723517343400139750,MSL,2,604909499,1
Merge Sort,20000,random,3,20260930,6980390696587538699,MLS,0,1317388,1
Library Sort,20000,random,3,20260930,6980390696587538699,MLS,1,463830459,1
Shell Sort,20000,random,3,20260930,6980390696587538699,MLS,2,1679695,1
Library Sort,20000,random,4,20260930,8415570417546059299,LSM,0,514322583,1
Shell Sort,20000,random,4,20260930,8415570417546059299,LSM,1,2175500,1
Merge Sort,20000,random,4,20260930,8415570417546059299,LSM,2,1790942,1
Library Sort,20000,random,5,20260930,265237846316838508,LMS,0,440977523,1
Merge Sort,20000,random,5,20260930,265237846316838508,LMS,1,1299365,1
Shell Sort,20000,random,5,20260930,265237846316838508,LMS,2,1791673,1
Shell Sort,20000,random,6,20260930,12170030654166557976,SML,0,2138621,1
Merge Sort,20000,random,6,20260930,12170030654166557976,SML,1,1791052,1
Library Sort,20000,random,6,20260930,12170030654166557976,SML,2,669783972,1
Shell Sort,20000,random,7,20260930,6536369520775226205,SLM,0,2058401,1
Library Sort,20000,random,7,20260930,6536369520775226205,SLM,1,533411285,1
Merge Sort,20000,random,7,20260930,6536369520775226205,SLM,2,1723316,1
Merge Sort,20000,random,8,20260930,12908249851125050346,MSL,0,1732363,1
Shell Sort,20000,random,8,20260930,12908249851125050346,MSL,1,2166302,1
Library Sort,20000,random,8,20260930,12908249851125050346,MSL,2,450175094,1
Merge Sort,20000,random,9,20260930,12844271815551532096,MLS,0,1313881,1
Library Sort,20000,random,9,20260930,12844271815551532096,MLS,1,502802456,1
Shell Sort,20000,random,9,20260930,12844271815551532096,MLS,2,2205075,1
Shell Sort,20000,sorted,0,20260930,2624695939742825204,SML,0,442245,1
Merge Sort,20000,sorted,0,20260930,2624695939742825204,SML,1,876205,1
Library Sort,20000,sorted,0,20260930,2624695939742825204,SML,2,872581568,1
Shell Sort,20000,sorted,1,20260930,2074235946046981909,SLM,0,254815,1
Library Sort,20000,sorted,1,20260930,2074235946046981909,SLM,1,1051855517,1
Merge Sort,20000,sorted,1,20260930,2074235946046981909,SLM,2,782671,1
Merge Sort,20000,sorted,2,20260930,16782548517713760675,MSL,0,766400,1
Shell Sort,20000,sorted,2,20260930,16782548517713760675,MSL,1,470257,1
Library Sort,20000,sorted,2,20260930,16782548517713760675,MSL,2,887519774,1
Merge Sort,20000,sorted,3,20260930,4340929284387164755,MLS,0,360072,1
Library Sort,20000,sorted,3,20260930,4340929284387164755,MLS,1,1071247554,1
Shell Sort,20000,sorted,3,20260930,4340929284387164755,MLS,2,280483,1
Library Sort,20000,sorted,4,20260930,8866008784416267610,LSM,0,806684244,1
Shell Sort,20000,sorted,4,20260930,8866008784416267610,LSM,1,241039,1
Merge Sort,20000,sorted,4,20260930,8866008784416267610,LSM,2,359281,1
Library Sort,20000,sorted,5,20260930,12249821134559997207,LMS,0,792240293,1
Merge Sort,20000,sorted,5,20260930,12249821134559997207,LMS,1,370452,1
Shell Sort,20000,sorted,5,20260930,12249821134559997207,LMS,2,240779,1
Shell Sort,20000,sorted,6,20260930,9894442693917270877,SML,0,240609,1
Merge Sort,20000,sorted,6,20260930,9894442693917270877,SML,1,364711,1
Library Sort,20000,sorted,6,20260930,9894442693917270877,SML,2,1009124389,1
Shell Sort,20000,sorted,7,20260930,3168754590799329606,SLM,0,240719,1
Library Sort,20000,sorted,7,20260930,3168754590799329606,SLM,1,756735153,1
Merge Sort,20000,sorted,7,20260930,3168754590799329606,SLM,2,359541,1
Merge Sort,20000,sorted,8,20260930,14723212446768156684,MSL,0,364731,1
Shell Sort,20000,sorted,8,20260930,14723212446768156684,MSL,1,240710,1
Library Sort,20000,sorted,8,20260930,14723212446768156684,MSL,2,760525686,1
Merge Sort,20000,sorted,9,20260930,2550811929705143671,MLS,0,722187,1
Library Sort,20000,sorted,9,20260930,2550811929705143671,MLS,1,1039200572,1
Shell Sort,20000,sorted,9,20260930,2550811929705143671,MLS,2,240909,1
Shell Sort,20000,reverse,0,20260930,17335930028633108290,SML,0,346216,1
Merge Sort,20000,reverse,0,20260930,17335930028633108290,SML,1,273972,1
Library Sort,20000,reverse,0,20260930,17335930028633108290,SML,2,52231383,1
Shell Sort,20000,reverse,1,20260930,3462815016086145679,SLM,0,702661,1
Library Sort,20000,reverse,1,20260930,3462815016086145679,SLM,1,79560295,1
Merge Sort,20000,reverse,1,20260930,3462815016086145679,SLM,2,274412,1
Merge Sort,20000,reverse,2,20260930,17012084864186080804,MSL,0,281325,1
Shell Sort,20000,reverse,2,20260930,17012084864186080804,MSL,1,322842,1
Library Sort,20000,reverse,2,20260930,17012084864186080804,MSL,2,48107323,1
Merge Sort,20000,reverse,3,20260930,6094280029709172158,MLS,0,579371,1
Library Sort,20000,reverse,3,20260930,6094280029709172158,MLS,1,50674735,1
Shell Sort,20000,reverse,3,20260930,6094280029709172158,MLS,2,327091,1
Library Sort,20000,reverse,4,20260930,17616881376057496438,LSM,0,51732288,1
Shell Sort,20000,reverse,4,20260930,17616881376057496438,LSM,1,322773,1
Merge Sort,20000,reverse,4,20260930,17616881376057496438,LSM,2,274251,1
Library Sort,20000,reverse,5,20260930,16719004772568343763,LMS,0,73582052,1
Merge Sort,20000,reverse,5,20260930,16719004772568343763,LMS,1,572468,1
Shell Sort,20000,reverse,5,20260930,16719004772568343763,LMS,2,636678,1
Shell Sort,20000,reverse,6,20260930,2358485518122116313,SML,0,854865,1
Merge Sort,20000,reverse,6,20260930,2358485518122116313,SML,1,697031,1
Library Sort,20000,reverse,6,20260930,2358485518122116313,SML,2,48260359,1
Shell Sort,20000,reverse,7,20260930,2925220896457950507,SLM,0,322993,1
Library Sort,20000,reverse,7,20260930,2925220896457950507,SLM,1,52197630,1
Merge Sort,20000,reverse,7,20260930,2925220896457950507,SLM,2,345435,1
Merge Sort,20000,reverse,8,20260930,2347373987100220580,MSL,0,585353,1
Shell Sort,20000,reverse,8,20260930,2347373987100220580,MSL,1,708382,1
Library Sort,20000,reverse,8,20260930,2347373987100220580,MSL,2,96618401,1
Merge Sort,20000,reverse,9,20260930,1974773870057934682,MLS,0,590863,1
Library Sort,20000,reverse,9,20260930,1974773870057934682,MLS,1,70769925,1
Shell Sort,20000,reverse,9,20260930,1974773870057934682,MLS,2,347058,1
Shell Sort,20000,duplicate-heavy,0,20260930,14914482828032557739,SML,0,893187,1
Merge Sort,20000,duplicate-heavy,0,20260930,14914482828032557739,SML,1,885783,1
Library Sort,20000,duplicate-heavy,0,20260930,14914482828032557739,SML,2,312969626,1
Shell Sort,20000,duplicate-heavy,1,20260930,13354127364403724165,SLM,0,1131943,1
Library Sort,20000,duplicate-heavy,1,20260930,13354127364403724165,SLM,1,313909320,1
Merge Sort,20000,duplicate-heavy,1,20260930,13354127364403724165,SLM,2,1282233,1
Merge Sort,20000,duplicate-heavy,2,20260930,8749073335650801909,MSL,0,1251034,1
Shell Sort,20000,duplicate-heavy,2,20260930,8749073335650801909,MSL,1,1233602,1
Library Sort,20000,duplicate-heavy,2,20260930,8749073335650801909,MSL,2,387424477,1
Merge Sort,20000,duplicate-heavy,3,20260930,10732345951152131496,MLS,0,1265221,1
Library Sort,20000,duplicate-heavy,3,20260930,10732345951152131496,MLS,1,434795824,1
Shell Sort,20000,duplicate-heavy,3,20260930,10732345951152131496,MLS,2,1525246,1
Library Sort,20000,duplicate-heavy,4,20260930,3932991932594748914,LSM,0,373773654,1
Shell Sort,20000,duplicate-heavy,4,20260930,3932991932594748914,LSM,1,919376,1
Merge Sort,20000,duplicate-heavy,4,20260930,3932991932594748914,LSM,2,832133,1
Library Sort,20000,duplicate-heavy,5,20260930,8195863581354869150,LMS,0,377553420,1
Merge Sort,20000,duplicate-heavy,5,20260930,8195863581354869150,LMS,1,1273878,1
Shell Sort,20000,duplicate-heavy,5,20260930,8195863581354869150,LMS,2,1248039,1
Shell Sort,20000,duplicate-heavy,6,20260930,2920667732806852758,SML,0,1266193,1
Merge Sort,20000,duplicate-heavy,6,20260930,2920667732806852758,SML,1,1268216,1
Library Sort,20000,duplicate-heavy,6,20260930,2920667732806852758,SML,2,334605221,1
Shell Sort,20000,duplicate-heavy,7,20260930,11131955523864274554,SLM,0,884691,1
Library Sort,20000,duplicate-heavy,7,20260930,11131955523864274554,SLM,1,309716546,1
Merge Sort,20000,duplicate-heavy,7,20260930,11131955523864274554,SLM,2,833616,1
Merge Sort,20000,duplicate-heavy,8,20260930,5843396804054887119,MSL,0,852110,1
Shell Sort,20000,duplicate-heavy,8,20260930,5843396804054887119,MSL,1,883248,1
Library Sort,20000,duplicate-heavy,8,20260930,5843396804054887119,MSL,2,317287935,1
Merge Sort,20000,duplicate-heavy,9,20260930,11372323983307257790,MLS,0,837373,1
Library Sort,20000,duplicate-heavy,9,20260930,11372323983307257790,MLS,1,314559052,1
Shell Sort,20000,duplicate-heavy,9,20260930,11372323983307257790,MLS,2,882757,1
