algorithm,input_size,distribution,trial,master_seed,seed,comparisons,moves,auxiliary_bytes,correct,status
Shell Sort,500,random,0,20260930,17091346009885327130,6375,10151,4,1,success
Merge Sort,500,random,0,20260930,17091346009885327130,3854,8984,2000,1,success
Library Sort,500,random,0,20260930,17091346009885327130,61847,2167,10000,1,success
Shell Sort,500,random,1,20260930,14911818322190790426,6282,10055,4,1,success
Merge Sort,500,random,1,20260930,14911818322190790426,3859,8984,2000,1,success
Library Sort,500,random,1,20260930,14911818322190790426,60142,2221,10000,1,success
Shell Sort,500,random,2,20260930,17212879969113767535,6378,10159,4,1,success
Merge Sort,500,random,2,20260930,17212879969113767535,3879,8984,2000,1,success
Library Sort,500,random,2,20260930,17212879969113767535,60952,2213,10000,1,success
Shell Sort,500,random,3,20260930,4052992045418502751,6054,9845,4,1,success
Merge Sort,500,random,3,20260930,4052992045418502751,3867,8984,2000,1,success
Library Sort,500,random,3,20260930,4052992045418502751,62298,2211,10000,1,success
Shell Sort,500,random,4,20260930,13185044698703629718,6564,10340,4,1,success
Merge Sort,500,random,4,20260930,13185044698703629718,3864,8984,2000,1,success
Library Sort,500,random,4,20260930,13185044698703629718,63436,2235,10000,1,success
Shell Sort,500,random,5,20260930,18354484886844897009,6469,10244,4,1,success
Merge Sort,500,random,5,20260930,18354484886844897009,3867,8984,2000,1,success
Library Sort,500,random,5,20260930,18354484886844897009,61691,2202,10000,1,success
Shell Sort,500,random,6,20260930,10802761951945530097,6133,9897,4,1,success
Merge Sort,500,random,6,20260930,10802761951945530097,3866,8984,2000,1,success
Library Sort,500,random,6,20260930,10802761951945530097,63590,2235,10000,1,success
Shell Sort,500,random,7,20260930,102460307008990873,6522,10291,4,1,success
Merge Sort,500,random,7,20260930,102460307008990873,3852,8984,2000,1,success
Library Sort,500,random,7,20260930,102460307008990873,60576,2212,10000,1,success
Shell Sort,500,random,8,20260930,12028341300069509589,6161,9922,4,1,success
Merge Sort,500,random,8,20260930,12028341300069509589,3856,8984,2000,1,success
Library Sort,500,random,8,20260930,12028341300069509589,63566,2222,10000,1,success
Shell Sort,500,random,9,20260930,15141585126865131569,6285,10059,4,1,success
Merge Sort,500,random,9,20260930,15141585126865131569,3868,8984,2000,1,success
Library Sort,500,random,9,20260930,15141585126865131569,58350,2287,10000,1,success
Shell Sort,500,sorted,0,20260930,17084974282617120586,3506,7012,4,1,success
Merge Sort,500,sorted,0,20260930,17084974282617120586,2276,8984,2000,1,success
Library Sort,500,sorted,0,20260930,17084974282617120586,124750,54996,10000,1,success
Shell Sort,500,sorted,1,20260930,9989060205182887302,3506,7012,4,1,success
Merge Sort,500,sorted,1,20260930,9989060205182887302,2276,8984,2000,1,success
Library Sort,500,sorted,1,20260930,9989060205182887302,124750,54996,10000,1,success
Shell Sort,500,sorted,2,20260930,5952326901562669635,3506,7012,4,1,success
Merge Sort,500,sorted,2,20260930,5952326901562669635,2276,8984,2000,1,success
Library Sort,500,sorted,2,20260930,5952326901562669635,124750,54996,10000,1,success
Shell Sort,500,sorted,3,20260930,9076160003619376469,3506,7012,4,1,success
Merge Sort,500,sorted,3,20260930,9076160003619376469,2276,8984,2000,1,success
Library Sort,500,sorted,3,20260930,9076160003619376469,124750,54996,10000,1,success
Shell Sort,500,sorted,4,20260930,489320022326220123,3506,7012,4,1,success
Merge Sort,500,sorted,4,20260930,489320022326220123,2276,8984,2000,1,success
Library Sort,500,sorted,4,20260930,489320022326220123,124750,54996,10000,1,success
Shell Sort,500,sorted,5,20260930,5299519533764323103,3506,7012,4,1,success
Merge Sort,500,sorted,5,20260930,5299519533764323103,2276,8984,2000,1,success
Library Sort,500,sorted,5,20260930,5299519533764323103,124750,54996,10000,1,success
Shell Sort,500,sorted,6,20260930,226733403902445967,3506,7012,4,1,success
Merge Sort,500,sorted,6,20260930,226733403902445967,2276,8984,2000,1,success
Library Sort,500,sorted,6,20260930,226733403902445967,124750,54996,10000,1,success
Shell Sort,500,sorted,7,20260930,17714980822835453486,3506,7012,4,1,success
Merge Sort,500,sorted,7,20260930,17714980822835453486,2276,8984,2000,1,success
Library Sort,500,sorted,7,20260930,17714980822835453486,124750,54996,10000,1,success
Shell Sort,500,sorted,8,20260930,1800723417106011210,3506,7012,4,1,success
Merge Sort,500,sorted,8,20260930,1800723417106011210,2276,8984,2000,1,success
Library Sort,500,sorted,8,20260930,1800723417106011210,124750,54996,10000,1,success
Shell Sort,500,sorted,9,20260930,2910567875114219412,3506,7012,4,1,success
Merge Sort,500,sorted,9,20260930,2910567875114219412,2276,8984,2000,1,success
Library Sort,500,sorted,9,20260930,2910567875114219412,124750,54996,10000,1,success
Shell Sort,500,reverse,0,20260930,12965717921795409299,5116,9112,4,1,success
Merge Sort,500,reverse,0,20260930,12965717921795409299,2216,8984,2000,1,success
Library Sort,500,reverse,0,20260930,12965717921795409299,499,53036,10000,1,success
Shell Sort,500,reverse,1,20260930,4015483408897465295,5116,9112,4,1,success
Merge Sort,500,reverse,1,20260930,4015483408897465295,2216,8984,2000,1,success
Library Sort,500,reverse,1,20260930,4015483408897465295,499,53036,10000,1,success
Shell Sort,500,reverse,2,20260930,18194818590355567896,5116,9112,4,1,success
Merge Sort,500,reverse,2,20260930,18194818590355567896,2216,8984,2000,1,success
Library Sort,500,reverse,2,20260930,18194818590355567896,499,53036,10000,1,success
Shell Sort,500,reverse,3,20260930,6133458378072641765,5116,9112,4,1,success
Merge Sort,500,reverse,3,20260930,6133458378072641765,2216,8984,2000,1,success
Library Sort,500,reverse,3,20260930,6133458378072641765,499,53036,10000,1,success
Shell Sort,500,reverse,4,20260930,11919484219489836615,5116,9112,4,1,success
Merge Sort,500,reverse,4,20260930,11919484219489836615,2216,8984,2000,1,success
Library Sort,500,reverse,4,20260930,11919484219489836615,499,53036,10000,1,success
Shell Sort,500,reverse,5,20260930,6361767932350045479,5116,9112,4,1,success
Merge Sort,500,reverse,5,20260930,6361767932350045479,2216,8984,2000,1,success
Library Sort,500,reverse,5,20260930,6361767932350045479,499,53036,10000,1,success
Shell Sort,500,reverse,6,20260930,17846525455549071859,5116,9112,4,1,success
Merge Sort,500,reverse,6,20260930,17846525455549071859,2216,8984,2000,1,success
Library Sort,500,reverse,6,20260930,17846525455549071859,499,53036,10000,1,success
Shell Sort,500,reverse,7,20260930,3085443707773883965,5116,9112,4,1,success
Merge Sort,500,reverse,7,20260930,3085443707773883965,2216,8984,2000,1,success
Library Sort,500,reverse,7,20260930,3085443707773883965,499,53036,10000,1,success
Shell Sort,500,reverse,8,20260930,4904926039599401680,5116,9112,4,1,success
Merge Sort,500,reverse,8,20260930,4904926039599401680,2216,8984,2000,1,success
Library Sort,500,reverse,8,20260930,4904926039599401680,499,53036,10000,1,success
Shell Sort,500,reverse,9,20260930,5316546044719647956,5116,9112,4,1,success
Merge Sort,500,reverse,9,20260930,5316546044719647956,2216,8984,2000,1,success
Library Sort,500,reverse,9,20260930,5316546044719647956,499,53036,10000,1,success
Shell Sort,500,duplicate-heavy,0,20260930,13513353505402294999,5004,8748,4,1,success
Merge Sort,500,duplicate-heavy,0,20260930,13513353505402294999,3845,8984,2000,1,success
Library Sort,500,duplicate-heavy,0,20260930,13513353505402294999,60393,2559,10000,1,success
Shell Sort,500,duplicate-heavy,1,20260930,10920224853721983374,5079,8790,4,1,success
Merge Sort,500,duplicate-heavy,1,20260930,10920224853721983374,3828,8984,2000,1,success
Library Sort,500,duplicate-heavy,1,20260930,10920224853721983374,63046,2565,10000,1,success
Shell Sort,500,duplicate-heavy,2,20260930,13986592599782175544,5002,8745,4,1,success
Merge Sort,500,duplicate-heavy,2,20260930,13986592599782175544,3816,8984,2000,1,success
Library Sort,500,duplicate-heavy,2,20260930,13986592599782175544,59625,2591,10000,1,success
Shell Sort,500,duplicate-heavy,3,20260930,17568379813312785473,4827,8560,4,1,success
Merge Sort,500,duplicate-heavy,3,20260930,17568379813312785473,3851,8984,2000,1,success
Library Sort,500,duplicate-heavy,3,20260930,17568379813312785473,58296,2529,10000,1,success
Shell Sort,500,duplicate-heavy,4,20260930,11759466030375880626,4930,8671,4,1,success
Merge Sort,500,duplicate-heavy,4,20260930,11759466030375880626,3852,8984,2000,1,success
Library Sort,500,duplicate-heavy,4,20260930,11759466030375880626,59843,2491,10000,1,success
Shell Sort,500,duplicate-heavy,5,20260930,17484190632189212043,5281,9027,4,1,success
Merge Sort,500,duplicate-heavy,5,20260930,17484190632189212043,3784,8984,2000,1,success
Library Sort,500,duplicate-heavy,5,20260930,17484190632189212043,59366,2559,10000,1,success
Shell Sort,500,duplicate-heavy,6,20260930,6065391351065723087,5027,8756,4,1,success
Merge Sort,500,duplicate-heavy,6,20260930,6065391351065723087,3832,8984,2000,1,success
Library Sort,500,duplicate-heavy,6,20260930,6065391351065723087,59089,2648,10000,1,success
Shell Sort,500,duplicate-heavy,7,20260930,15560237582770354563,4815,8566,4,1,success
Merge Sort,500,duplicate-heavy,7,20260930,15560237582770354563,3839,8984,2000,1,success
Library Sort,500,duplicate-heavy,7,20260930,15560237582770354563,56312,2532,10000,1,success
Shell Sort,500,duplicate-heavy,8,20260930,2307149302073447425,5011,8740,4,1,success
Merge Sort,500,duplicate-heavy,8,20260930,2307149302073447425,3841,8984,2000,1,success
Library Sort,500,duplicate-heavy,8,20260930,2307149302073447425,62060,2463,10000,1,success
Shell Sort,500,duplicate-heavy,9,20260930,3437060501438373614,4949,8685,4,1,success
Merge Sort,500,duplicate-heavy,9,20260930,3437060501438373614,3830,8984,2000,1,success
Library Sort,500,duplicate-heavy,9,20260930,3437060501438373614,60220,2492,10000,1,success
Shell Sort,1000,random,0,20260930,18439179089153588336,14880,23380,4,1,success
Merge Sort,1000,random,0,20260930,18439179089153588336,8716,19968,4000,1,success
Library Sort,1000,random,0,20260930,18439179089153588336,264281,4424,20000,1,success
Shell Sort,1000,random,1,20260930,3374754896142117630,14815,23352,4,1,success
Merge Sort,1000,random,1,20260930,3374754896142117630,8727,19968,4000,1,success
Library Sort,1000,random,1,20260930,3374754896142117630,243473,4442,20000,1,success
Shell Sort,1000,random,2,20260930,13824821944903670409,15884,24391,4,1,success
Merge Sort,1000,random,2,20260930,13824821944903670409,8697,19968,4000,1,success
Library Sort,1000,random,2,20260930,13824821944903670409,261313,4396,20000,1,success
Shell Sort,1000,random,3,20260930,10426724422788055521,15182,23706,4,1,success
Merge Sort,1000,random,3,20260930,10426724422788055521,8697,19968,4000,1,success
Library Sort,1000,random,3,20260930,10426724422788055521,251821,4408,20000,1,success
Shell Sort,1000,random,4,20260930,10357721728831399214,15435,23925,4,1,success
Merge Sort,1000,random,4,20260930,10357721728831399214,8726,19968,4000,1,success
Library Sort,1000,random,4,20260930,10357721728831399214,261467,4446,20000,1,success
Shell Sort,1000,random,5,20260930,5289205305456233731,14907,23429,4,1,success
Merge Sort,1000,random,5,20260930,5289205305456233731,8731,19968,4000,1,success
Library Sort,1000,random,5,20260930,5289205305456233731,256973,4455,20000,1,success
Shell Sort,1000,random,6,20260930,250917081400473810,14933,23457,4,1,success
Merge Sort,1000,random,6,20260930,250917081400473810,8734,19968,4000,1,success
Library Sort,1000,random,6,20260930,250917081400473810,254479,4561,20000,1,success
Shell Sort,1000,random,7,20260930,17178503454337888431,15316,23840,4,1,success
Merge Sort,1000,random,7,20260930,17178503454337888431,8742,19968,4000,1,success
Library Sort,1000,random,7,20260930,17178503454337888431,250472,4410,20000,1,success
Shell Sort,1000,random,8,20260930,2264711061968318463,14914,23448,4,1,success
Merge Sort,1000,random,8,20260930,2264711061968318463,8702,19968,4000,1,success
Library Sort,1000,random,8,20260930,2264711061968318463,250639,4420,20000,1,success
Shell Sort,1000,random,9,20260930,3512288308494617315,14816,23323,4,1,success
Merge Sort,1000,random,9,20260930,3512288308494617315,8716,19968,4000,1,success
Library Sort,1000,random,9,20260930,3512288308494617315,251578,4436,20000,1,success
Shell Sort,1000,sorted,0,20260930,3169555859777190876,8006,16012,4,1,success
Merge Sort,1000,sorted,0,20260930,3169555859777190876,5052,19968,4000,1,success
Library Sort,1000,sorted,0,20260930,3169555859777190876,499500,218012,20000,1,success
Shell Sort,1000,sorted,1,20260930,16758237017749573021,8006,16012,4,1,success
Merge Sort,1000,sorted,1,20260930,16758237017749573021,5052,19968,4000,1,success
Library Sort,1000,sorted,1,20260930,16758237017749573021,499500,218012,20000,1,success
Shell Sort,1000,sorted,2,20260930,2123709029882419368,8006,16012,4,1,success
Merge Sort,1000,sorted,2,20260930,2123709029882419368,5052,19968,4000,1,success
Library Sort,1000,sorted,2,20260930,2123709029882419368,499500,218012,20000,1,success
Shell Sort,1000,sorted,3,20260930,10797927838122847401,8006,16012,4,1,success
Merge Sort,1000,sorted,3,20260930,10797927838122847401,5052,19968,4000,1,success
Library Sort,1000,sorted,3,20260930,10797927838122847401,499500,218012,20000,1,success
Shell Sort,1000,sorted,4,20260930,1369679404410000101,8006,16012,4,1,success
Merge Sort,1000,sorted,4,20260930,1369679404410000101,5052,19968,4000,1,success
Library Sort,1000,sorted,4,20260930,1369679404410000101,499500,218012,20000,1,success
Shell Sort,1000,sorted,5,20260930,11905211679444047089,8006,16012,4,1,success
Merge Sort,1000,sorted,5,20260930,11905211679444047089,5052,19968,4000,1,success
Library Sort,1000,sorted,5,20260930,11905211679444047089,499500,218012,20000,1,success
Shell Sort,1000,sorted,6,20260930,9552805655427687829,8006,16012,4,1,success
Merge Sort,1000,sorted,6,20260930,9552805655427687829,5052,19968,4000,1,success
Library Sort,1000,sorted,6,20260930,9552805655427687829,499500,218012,20000,1,success
Shell Sort,1000,sorted,7,20260930,17389393439205968277,8006,16012,4,1,success
Merge Sort,1000,sorted,7,20260930,17389393439205968277,5052,19968,4000,1,success
Library Sort,1000,sorted,7,20260930,17389393439205968277,499500,218012,20000,1,success
Shell Sort,1000,sorted,8,20260930,6266584389510673442,8006,16012,4,1,success
Merge Sort,1000,sorted,8,20260930,6266584389510673442,5052,19968,4000,1,success
Library Sort,1000,sorted,8,20260930,6266584389510673442,499500,218012,20000,1,success
Shell Sort,1000,sorted,9,20260930,15571251649734884167,8006,16012,4,1,success
Merge Sort,1000,sorted,9,20260930,15571251649734884167,5052,19968,4000,1,success
Library Sort,1000,sorted,9,20260930,15571251649734884167,499500,218012,20000,1,success
Shell Sort,1000,reverse,0,20260930,12653493849989408641,11716,20712,4,1,success
Merge Sort,1000,reverse,0,20260930,12653493849989408641,4932,19968,4000,1,success
Library Sort,1000,reverse,0,20260930,12653493849989408641,999,210214,20000,1,success
Shell Sort,1000,reverse,1,20260930,5597426781974777731,11716,20712,4,1,success
Merge Sort,1000,reverse,1,20260930,5597426781974777731,4932,19968,4000,1,success
Library Sort,1000,reverse,1,20260930,5597426781974777731,999,210214,20000,1,success
Shell Sort,1000,reverse,2,20260930,3183970528500780246,11716,20712,4,1,success
Merge Sort,1000,reverse,2,20260930,3183970528500780246,4932,19968,4000,1,success
Library Sort,1000,reverse,2,20260930,3183970528500780246,999,210214,20000,1,success
Shell Sort,1000,reverse,3,20260930,2212192513109586389,11716,20712,4,1,success
Merge Sort,1000,reverse,3,20260930,2212192513109586389,4932,19968,4000,1,success
Library Sort,1000,reverse,3,20260930,2212192513109586389,999,210214,20000,1,success
Shell Sort,1000,reverse,4,20260930,10574316449264228099,11716,20712,4,1,success
Merge Sort,1000,reverse,4,20260930,10574316449264228099,4932,19968,4000,1,success
Library Sort,1000,reverse,4,20260930,10574316449264228099,999,210214,20000,1,success
Shell Sort,1000,reverse,5,20260930,3359120155889509746,11716,20712,4,1,success
Merge Sort,1000,reverse,5,20260930,3359120155889509746,4932,19968,4000,1,success
Library Sort,1000,reverse,5,20260930,3359120155889509746,999,210214,20000,1,success
Shell Sort,1000,reverse,6,20260930,6857182655946930219,11716,20712,4,1,success
Merge Sort,1000,reverse,6,20260930,6857182655946930219,4932,19968,4000,1,success
Library Sort,1000,reverse,6,20260930,6857182655946930219,999,210214,20000,1,success
Shell Sort,1000,reverse,7,20260930,13971966195291481144,11716,20712,4,1,success
Merge Sort,1000,reverse,7,20260930,13971966195291481144,4932,19968,4000,1,success
Library Sort,1000,reverse,7,20260930,13971966195291481144,999,210214,20000,1,success
Shell Sort,1000,reverse,8,20260930,9643227431399081978,11716,20712,4,1,success
Merge Sort,1000,reverse,8,20260930,9643227431399081978,4932,19968,4000,1,success
Library Sort,1000,reverse,8,20260930,9643227431399081978,999,210214,20000,1,success
Shell Sort,1000,reverse,9,20260930,565108872997523703,11716,20712,4,1,success
Merge Sort,1000,reverse,9,20260930,565108872997523703,4932,19968,4000,1,success
Library Sort,1000,reverse,9,20260930,565108872997523703,999,210214,20000,1,success
Shell Sort,1000,duplicate-heavy,0,20260930,15139345110161793847,11560,20026,4,1,success
Merge Sort,1000,duplicate-heavy,0,20260930,15139345110161793847,8625,19968,4000,1,success
Library Sort,1000,duplicate-heavy,0,20260930,15139345110161793847,246836,6481,20000,1,success
Shell Sort,1000,duplicate-heavy,1,20260930,4016115833132913814,11658,20135,4,1,success
Merge Sort,1000,duplicate-heavy,1,20260930,4016115833132913814,8613,19968,4000,1,success
Library Sort,1000,duplicate-heavy,1,20260930,4016115833132913814,227565,6367,20000,1,success
Shell Sort,1000,duplicate-heavy,2,20260930,17477095916460043810,11442,19899,4,1,success
Merge Sort,1000,duplicate-heavy,2,20260930,17477095916460043810,8693,19968,4000,1,success
Library Sort,1000,duplicate-heavy,2,20260930,17477095916460043810,235815,6218,20000,1,success
Shell Sort,1000,duplicate-heavy,3,20260930,123868871543563524,11187,19653,4,1,success
Merge Sort,1000,duplicate-heavy,3,20260930,123868871543563524,8605,19968,4000,1,success
Library Sort,1000,duplicate-heavy,3,20260930,123868871543563524,239295,6110,20000,1,success
Shell Sort,1000,duplicate-heavy,4,20260930,13842179886227659590,11324,19788,4,1,success
Merge Sort,1000,duplicate-heavy,4,20260930,13842179886227659590,8612,19968,4000,1,success
Library Sort,1000,duplicate-heavy,4,20260930,13842179886227659590,240656,6446,20000,1,success
Shell Sort,1000,duplicate-heavy,5,20260930,5961121032218715228,11329,19782,4,1,success
Merge Sort,1000,duplicate-heavy,5,20260930,5961121032218715228,8645,19968,4000,1,success
Library Sort,1000,duplicate-heavy,5,20260930,5961121032218715228,245984,6190,20000,1,success
Shell Sort,1000,duplicate-heavy,6,20260930,12587377732837345280,11362,19806,4,1,success
Merge Sort,1000,duplicate-heavy,6,20260930,12587377732837345280,8650,19968,4000,1,success
Library Sort,1000,duplicate-heavy,6,20260930,12587377732837345280,237597,6354,20000,1,success
Shell Sort,1000,duplicate-heavy,7,20260930,17869596873060019622,11486,19950,4,1,success
Merge Sort,1000,duplicate-heavy,7,20260930,17869596873060019622,8631,19968,4000,1,success
Library Sort,1000,duplicate-heavy,7,20260930,17869596873060019622,243295,6250,20000,1,success
Shell Sort,1000,duplicate-heavy,8,20260930,17442619320541814674,11782,20209,4,1,success
Merge Sort,1000,duplicate-heavy,8,20260930,17442619320541814674,8639,19968,4000,1,success
Library Sort,1000,duplicate-heavy,8,20260930,17442619320541814674,239476,6371,20000,1,success
Shell Sort,1000,duplicate-heavy,9,20260930,16931587066588999997,11365,19818,4,1,success
Merge Sort,1000,duplicate-heavy,9,20260930,16931587066588999997,8649,19968,4000,1,success
Library Sort,1000,duplicate-heavy,9,20260930,16931587066588999997,240404,6199,20000,1,success
Shell Sort,2000,random,0,20260930,11099523220978474333,36149,55141,4,1,success
Merge Sort,2000,random,0,20260930,11099523220978474333,19407,43936,8000,1,success
Library Sort,2000,random,0,20260930,11099523220978474333,1041311,8925,40000,1,success
Shell Sort,2000,random,1,20260930,17113606792261237656,36471,55485,4,1,success
Merge Sort,2000,random,1,20260930,17113606792261237656,19440,43936,8000,1,success
Library Sort,2000,random,1,20260930,17113606792261237656,1020663,8956,40000,1,success
Shell Sort,2000,random,2,20260930,14485715238033196799,36565,55606,4,1,success
Merge Sort,2000,random,2,20260930,14485715238033196799,19469,43936,8000,1,success
Library Sort,2000,random,2,20260930,14485715238033196799,994627,8899,40000,1,success
Shell Sort,2000,random,3,20260930,2266317459386633608,35435,54462,4,1,success
Merge Sort,2000,random,3,20260930,2266317459386633608,19415,43936,8000,1,success
Library Sort,2000,random,3,20260930,2266317459386633608,1011114,8864,40000,1,success
Shell Sort,2000,random,4,20260930,14238056353296271755,35796,54813,4,1,success
Merge Sort,2000,random,4,20260930,14238056353296271755,19468,43936,8000,1,success
Library Sort,2000,random,4,20260930,14238056353296271755,1005184,8858,40000,1,success
Shell Sort,2000,random,5,20260930,292689427585721151,35715,54726,4,1,success
Merge Sort,2000,random,5,20260930,292689427585721151,19441,43936,8000,1,success
Library Sort,2000,random,5,20260930,292689427585721151,993654,8977,40000,1,success
Shell Sort,2000,random,6,20260930,13520622132739004614,36001,55023,4,1,success
Merge Sort,2000,random,6,20260930,13520622132739004614,19415,43936,8000,1,success
Library Sort,2000,random,6,20260930,13520622132739004614,1003366,8914,40000,1,success
Shell Sort,2000,random,7,20260930,6688738346945381491,36733,55704,4,1,success
Merge Sort,2000,random,7,20260930,6688738346945381491,19419,43936,8000,1,success
Library Sort,2000,random,7,20260930,6688738346945381491,1023729,8933,40000,1,success
Shell Sort,2000,random,8,20260930,7738464121462720069,36848,55844,4,1,success
Merge Sort,2000,random,8,20260930,7738464121462720069,19420,43936,8000,1,success
Library Sort,2000,random,8,20260930,7738464121462720069,1001589,8972,40000,1,success
Shell Sort,2000,random,9,20260930,3744908019913385764,36417,55403,4,1,success
Merge Sort,2000,random,9,20260930,3744908019913385764,19428,43936,8000,1,success
Library Sort,2000,random,9,20260930,3744908019913385764,1026661,8978,40000,1,success
Shell Sort,2000,sorted,0,20260930,5111753533844295801,18006,36012,4,1,success
Merge Sort,2000,sorted,0,20260930,5111753533844295801,11104,43936,8000,1,success
Library Sort,2000,sorted,0,20260930,5111753533844295801,1999000,866625,40000,1,success
Shell Sort,2000,sorted,1,20260930,13909461039527143275,18006,36012,4,1,success
Merge Sort,2000,sorted,1,20260930,13909461039527143275,11104,43936,8000,1,success
Library Sort,2000,sorted,1,20260930,13909461039527143275,1999000,866625,40000,1,success
Shell Sort,2000,sorted,2,20260930,5521744632894598079,18006,36012,4,1,success
Merge Sort,2000,sorted,2,20260930,5521744632894598079,11104,43936,8000,1,success
Library Sort,2000,sorted,2,20260930,5521744632894598079,1999000,866625,40000,1,success
Shell Sort,2000,sorted,3,20260930,11077169580543044488,18006,36012,4,1,success
Merge Sort,2000,sorted,3,20260930,11077169580543044488,11104,43936,8000,1,success
Library Sort,2000,sorted,3,20260930,11077169580543044488,1999000,866625,40000,1,success
Shell Sort,2000,sorted,4,20260930,17276705450823776371,18006,36012,4,1,success
Merge Sort,2000,sorted,4,20260930,17276705450823776371,11104,43936,8000,1,success
Library Sort,2000,sorted,4,20260930,17276705450823776371,1999000,866625,40000,1,success
Shell Sort,2000,sorted,5,20260930,9981271555657794928,18006,36012,4,1,success
Merge Sort,2000,sorted,5,20260930,9981271555657794928,11104,43936,8000,1,success
Library Sort,2000,sorted,5,20260930,9981271555657794928,1999000,866625,40000,1,success
Shell Sort,2000,sorted,6,20260930,6831952677606525818,18006,36012,4,1,success
Merge Sort,2000,sorted,6,20260930,6831952677606525818,11104,43936,8000,1,success
Library Sort,2000,sorted,6,20260930,6831952677606525818,1999000,866625,40000,1,success
Shell Sort,2000,sorted,7,20260930,12341793962142523649,18006,36012,4,1,success
Merge Sort,2000,sorted,7,20260930,12341793962142523649,11104,43936,8000,1,success
Library Sort,2000,sorted,7,20260930,12341793962142523649,1999000,866625,40000,1,success
Shell Sort,2000,sorted,8,20260930,8651762288103486516,18006,36012,4,1,success
Merge Sort,2000,sorted,8,20260930,8651762288103486516,11104,43936,8000,1,success
Library Sort,2000,sorted,8,20260930,8651762288103486516,1999000,866625,40000,1,success
Shell Sort,2000,sorted,9,20260930,6837305453129441436,18006,36012,4,1,success
Merge Sort,2000,sorted,9,20260930,6837305453129441436,11104,43936,8000,1,success
Library Sort,2000,sorted,9,20260930,6837305453129441436,1999000,866625,40000,1,success
Shell Sort,2000,reverse,0,20260930,15746265994148848263,26416,46412,4,1,success
Merge Sort,2000,reverse,0,20260930,15746265994148848263,10864,43936,8000,1,success
Library Sort,2000,reverse,0,20260930,15746265994148848263,1999,835293,40000,1,success
Shell Sort,2000,reverse,1,20260930,2916014400694827037,26416,46412,4,1,success
Merge Sort,2000,reverse,1,20260930,2916014400694827037,10864,43936,8000,1,success
Library Sort,2000,reverse,1,20260930,2916014400694827037,1999,835293,40000,1,success
Shell Sort,2000,reverse,2,20260930,3007221964373410686,26416,46412,4,1,success
Merge Sort,2000,reverse,2,20260930,3007221964373410686,10864,43936,8000,1,success
Library Sort,2000,reverse,2,20260930,3007221964373410686,1999,835293,40000,1,success
Shell Sort,2000,reverse,3,20260930,3388478737077116473,26416,46412,4,1,success
Merge Sort,2000,reverse,3,20260930,3388478737077116473,10864,43936,8000,1,success
Library Sort,2000,reverse,3,20260930,3388478737077116473,1999,835293,40000,1,success
Shell Sort,2000,reverse,4,20260930,2077318794164032747,26416,46412,4,1,success
Merge Sort,2000,reverse,4,20260930,2077318794164032747,10864,43936,8000,1,success
Library Sort,2000,reverse,4,20260930,2077318794164032747,1999,835293,40000,1,success
Shell Sort,2000,reverse,5,20260930,7189308308674030305,26416,46412,4,1,success
Merge Sort,2000,reverse,5,20260930,7189308308674030305,10864,43936,8000,1,success
Library Sort,2000,reverse,5,20260930,7189308308674030305,1999,835293,40000,1,success
Shell Sort,2000,reverse,6,20260930,7678828746912053643,26416,46412,4,1,success
Merge Sort,2000,reverse,6,20260930,7678828746912053643,10864,43936,8000,1,success
Library Sort,2000,reverse,6,20260930,7678828746912053643,1999,835293,40000,1,success
Shell Sort,2000,reverse,7,20260930,958244858133868912,26416,46412,4,1,success
Merge Sort,2000,reverse,7,20260930,958244858133868912,10864,43936,8000,1,success
Library Sort,2000,reverse,7,20260930,958244858133868912,1999,835293,40000,1,success
Shell Sort,2000,reverse,8,20260930,15417704911099193669,26416,46412,4,1,success
Merge Sort,2000,reverse,8,20260930,15417704911099193669,10864,43936,8000,1,success
Library Sort,2000,reverse,8,20260930,15417704911099193669,1999,835293,40000,1,success
Shell Sort,2000,reverse,9,20260930,8923699488580727803,26416,46412,4,1,success
Merge Sort,2000,reverse,9,20260930,8923699488580727803,10864,43936,8000,1,success
Library Sort,2000,reverse,9,20260930,8923699488580727803,1999,835293,40000,1,success
Shell Sort,2000,duplicate-heavy,0,20260930,9366507311664551272,26487,45414,4,1,success
Merge Sort,2000,duplicate-heavy,0,20260930,9366507311664551272,19270,43936,8000,1,success
Library Sort,2000,duplicate-heavy,0,20260930,9366507311664551272,946641,17240,40000,1,success
Shell Sort,2000,duplicate-heavy,1,20260930,15412835508824563889,25147,44096,4,1,success
Merge Sort,2000,duplicate-heavy,1,20260930,15412835508824563889,19220,43936,8000,1,success
Library Sort,2000,duplicate-heavy,1,20260930,15412835508824563889,944325,17202,40000,1,success
Shell Sort,2000,duplicate-heavy,2,20260930,3270769639926914526,25929,44820,4,1,success
Merge Sort,2000,duplicate-heavy,2,20260930,3270769639926914526,19200,43936,8000,1,success
Library Sort,2000,duplicate-heavy,2,20260930,3270769639926914526,948885,18144,40000,1,success
Shell Sort,2000,duplicate-heavy,3,20260930,6227113822746400771,25744,44646,4,1,success
Merge Sort,2000,duplicate-heavy,3,20260930,6227113822746400771,19192,43936,8000,1,success
Library Sort,2000,duplicate-heavy,3,20260930,6227113822746400771,965368,17625,40000,1,success
Shell Sort,2000,duplicate-heavy,4,20260930,16071163305956603236,25785,44716,4,1,success
Merge Sort,2000,duplicate-heavy,4,20260930,16071163305956603236,19294,43936,8000,1,success
Library Sort,2000,duplicate-heavy,4,20260930,16071163305956603236,937567,18189,40000,1,success
Shell Sort,2000,duplicate-heavy,5,20260930,11297322803683336231,26075,44995,4,1,success
Merge Sort,2000,duplicate-heavy,5,20260930,11297322803683336231,19240,43936,8000,1,success
Library Sort,2000,duplicate-heavy,5,20260930,11297322803683336231,936687,17128,40000,1,success
Shell Sort,2000,duplicate-heavy,6,20260930,3538805002505114149,26207,45120,4,1,success
Merge Sort,2000,duplicate-heavy,6,20260930,3538805002505114149,19260,43936,8000,1,success
Library Sort,2000,duplicate-heavy,6,20260930,3538805002505114149,938370,18287,40000,1,success
Shell Sort,2000,duplicate-heavy,7,20260930,11098489345026837668,26440,45323,4,1,success
Merge Sort,2000,duplicate-heavy,7,20260930,11098489345026837668,19236,43936,8000,1,success
Library Sort,2000,duplicate-heavy,7,20260930,11098489345026837668,961330,17760,40000,1,success
Shell Sort,2000,duplicate-heavy,8,20260930,15950915713136564636,25425,44344,4,1,success
Merge Sort,2000,duplicate-heavy,8,20260930,15950915713136564636,19285,43936,8000,1,success
Library Sort,2000,duplicate-heavy,8,20260930,15950915713136564636,952243,18241,40000,1,success
Shell Sort,2000,duplicate-heavy,9,20260930,1509622201825897896,25448,44361,4,1,success
Merge Sort,2000,duplicate-heavy,9,20260930,1509622201825897896,19241,43936,8000,1,success
Library Sort,2000,duplicate-heavy,9,20260930,1509622201825897896,932637,17741,40000,1,success
Shell Sort,5000,random,0,20260930,11876310279690454910,116164,173729,4,1,success
Merge Sort,5000,random,0,20260930,11876310279690454910,56801,126320,20000,1,success
Library Sort,5000,random,0,20260930,11876310279690454910,6301076,28167,100000,1,success
Shell Sort,5000,random,1,20260930,12661593538043065645,111348,168923,4,1,success
Merge Sort,5000,random,1,20260930,12661593538043065645,56839,126320,20000,1,success
Library Sort,5000,random,1,20260930,12661593538043065645,6257802,28240,100000,1,success
Shell Sort,5000,random,2,20260930,1405040189354895186,115835,173372,4,1,success
Merge Sort,5000,random,2,20260930,1405040189354895186,56840,126320,20000,1,success
Library Sort,5000,random,2,20260930,1405040189354895186,6374725,28173,100000,1,success
Shell Sort,5000,random,3,20260930,7495205510416421829,114199,171775,4,1,success
Merge Sort,5000,random,3,20260930,7495205510416421829,56805,126320,20000,1,success
Library Sort,5000,random,3,20260930,7495205510416421829,6160081,28161,100000,1,success
Shell Sort,5000,random,4,20260930,9399640198041837688,117603,175154,4,1,success
Merge Sort,5000,random,4,20260930,9399640198041837688,56783,126320,20000,1,success
Library Sort,5000,random,4,20260930,9399640198041837688,6296054,28111,100000,1,success
Shell Sort,5000,random,5,20260930,12198417297005992226,118529,176153,4,1,success
Merge Sort,5000,random,5,20260930,12198417297005992226,56748,126320,20000,1,success
Library Sort,5000,random,5,20260930,12198417297005992226,6204039,28042,100000,1,success
Shell Sort,5000,random,6,20260930,12883048747369817972,118181,175746,4,1,success
Merge Sort,5000,random,6,20260930,12883048747369817972,56807,126320,20000,1,success
Library Sort,5000,random,6,20260930,12883048747369817972,6299735,28211,100000,1,success
Shell Sort,5000,random,7,20260930,4038124144861997005,112032,169574,4,1,success
Merge Sort,5000,random,7,20260930,4038124144861997005,56878,126320,20000,1,success
Library Sort,5000,random,7,20260930,4038124144861997005,6321128,28236,100000,1,success
Shell Sort,5000,random,8,20260930,4877423734329586070,112977,170604,4,1,success
Merge Sort,5000,random,8,20260930,4877423734329586070,56879,126320,20000,1,success
Library Sort,5000,random,8,20260930,4877423734329586070,6264748,28187,100000,1,success
Shell Sort,5000,random,9,20260930,17756958330272957053,119616,177125,4,1,success
Merge Sort,5000,random,9,20260930,17756958330272957053,56852,126320,20000,1,success
Library Sort,5000,random,9,20260930,17756958330272957053,6346242,28143,100000,1,success
Shell Sort,5000,sorted,0,20260930,11942772381425118448,55005,110010,4,1,success
Merge Sort,5000,sorted,0,20260930,11942772381425118448,33356,126320,20000,1,success
Library Sort,5000,sorted,0,20260930,11942772381425118448,12497500,4329204,100000,1,success
Shell Sort,5000,sorted,1,20260930,14754097549062605967,55005,110010,4,1,success
Merge Sort,5000,sorted,1,20260930,14754097549062605967,33356,126320,20000,1,success
Library Sort,5000,sorted,1,20260930,14754097549062605967,12497500,4329204,100000,1,success
Shell Sort,5000,sorted,2,20260930,5840975937703240841,55005,110010,4,1,success
Merge Sort,5000,sorted,2,20260930,5840975937703240841,33356,126320,20000,1,success
Library Sort,5000,sorted,2,20260930,5840975937703240841,12497500,4329204,100000,1,success
Shell Sort,5000,sorted,3,20260930,13960546994082808894,55005,110010,4,1,success
Merge Sort,5000,sorted,3,20260930,13960546994082808894,33356,126320,20000,1,success
Library Sort,5000,sorted,3,20260930,13960546994082808894,12497500,4329204,100000,1,success
Shell Sort,5000,sorted,4,20260930,16695727055349969570,55005,110010,4,1,success
Merge Sort,5000,sorted,4,20260930,16695727055349969570,33356,126320,20000,1,success
Library Sort,5000,sorted,4,20260930,16695727055349969570,12497500,4329204,100000,1,success
Shell Sort,5000,sorted,5,20260930,17459783404293033931,55005,110010,4,1,success
Merge Sort,5000,sorted,5,20260930,17459783404293033931,33356,126320,20000,1,success
Library Sort,5000,sorted,5,20260930,17459783404293033931,12497500,4329204,100000,1,success
Shell Sort,5000,sorted,6,20260930,3431124670855106900,55005,110010,4,1,success
Merge Sort,5000,sorted,6,20260930,3431124670855106900,33356,126320,20000,1,success
Library Sort,5000,sorted,6,20260930,3431124670855106900,12497500,4329204,100000,1,success
Shell Sort,5000,sorted,7,20260930,5207636977695850455,55005,110010,4,1,success
Merge Sort,5000,sorted,7,20260930,5207636977695850455,33356,126320,20000,1,success
Library Sort,5000,sorted,7,20260930,5207636977695850455,12497500,4329204,100000,1,success
Shell Sort,5000,sorted,8,20260930,16083725878794260244,55005,110010,4,1,success
Merge Sort,5000,sorted,8,20260930,16083725878794260244,33356,126320,20000,1,success
Library Sort,5000,sorted,8,20260930,16083725878794260244,12497500,4329204,100000,1,success
Shell Sort,5000,sorted,9,20260930,9377956053150376072,55005,110010,4,1,success
Merge Sort,5000,sorted,9,20260930,9377956053150376072,33356,126320,20000,1,success
Library Sort,5000,sorted,9,20260930,9377956053150376072,12497500,4329204,100000,1,success
Shell Sort,5000,reverse,0,20260930,2939286646595379672,78798,138790,4,1,success
Merge Sort,5000,reverse,0,20260930,2939286646595379672,29804,126320,20000,1,success
Library Sort,5000,reverse,0,20260930,2939286646595379672,4999,4015667,100000,1,success
Shell Sort,5000,reverse,1,20260930,6191461844327563482,78798,138790,4,1,success
Merge Sort,5000,reverse,1,20260930,6191461844327563482,29804,126320,20000,1,success
Library Sort,5000,reverse,1,20260930,6191461844327563482,4999,4015667,100000,1,success
Shell Sort,5000,reverse,2,20260930,4056994660874282759,78798,138790,4,1,success
Merge Sort,5000,reverse,2,20260930,4056994660874282759,29804,126320,20000,1,success
Library Sort,5000,reverse,2,20260930,4056994660874282759,4999,4015667,100000,1,success
Shell Sort,5000,reverse,3,20260930,7875075054701394744,78798,138790,4,1,success
Merge Sort,5000,reverse,3,20260930,7875075054701394744,29804,126320,20000,1,success
Library Sort,5000,reverse,3,20260930,7875075054701394744,4999,4015667,100000,1,success
Shell Sort,5000,reverse,4,20260930,13848950033584594422,78798,138790,4,1,success
Merge Sort,5000,reverse,4,20260930,13848950033584594422,29804,126320,20000,1,success
Library Sort,5000,reverse,4,20260930,13848950033584594422,4999,4015667,100000,1,success
Shell Sort,5000,reverse,5,20260930,2029069427020300948,78798,138790,4,1,success
Merge Sort,5000,reverse,5,20260930,2029069427020300948,29804,126320,20000,1,success
Library Sort,5000,reverse,5,20260930,2029069427020300948,4999,4015667,100000,1,success
Shell Sort,5000,reverse,6,20260930,18177921672272449803,78798,138790,4,1,success
Merge Sort,5000,reverse,6,20260930,18177921672272449803,29804,126320,20000,1,success
Library Sort,5000,reverse,6,20260930,18177921672272449803,4999,4015667,100000,1,success
Shell Sort,5000,reverse,7,20260930,12663158292185199346,78798,138790,4,1,success
Merge Sort,5000,reverse,7,20260930,12663158292185199346,29804,126320,20000,1,success
Library Sort,5000,reverse,7,20260930,12663158292185199346,4999,4015667,100000,1,success
Shell Sort,5000,reverse,8,20260930,267630694831271086,78798,138790,4,1,success
Merge Sort,5000,reverse,8,20260930,267630694831271086,29804,126320,20000,1,success
Library Sort,5000,reverse,8,20260930,267630694831271086,4999,4015667,100000,1,success
Shell Sort,5000,reverse,9,20260930,2812778068683021827,78798,138790,4,1,success
Merge Sort,5000,reverse,9,20260930,2812778068683021827,29804,126320,20000,1,success
Library Sort,5000,reverse,9,20260930,2812778068683021827,4999,4015667,100000,1,success
Shell Sort,5000,duplicate-heavy,0,20260930,5999568847857775638,77385,134677,4,1,success
Merge Sort,5000,duplicate-heavy,0,20260930,5999568847857775638,56122,126320,20000,1,success
Library Sort,5000,duplicate-heavy,0,20260930,5999568847857775638,5958296,76014,100000,1,success
Shell Sort,5000,duplicate-heavy,1,20260930,15755508967052804299,78058,135329,4,1,success
Merge Sort,5000,duplicate-heavy,1,20260930,15755508967052804299,56096,126320,20000,1,success
Library Sort,5000,duplicate-heavy,1,20260930,15755508967052804299,5950827,74968,100000,1,success
Shell Sort,5000,duplicate-heavy,2,20260930,17241918267081377294,77644,134950,4,1,success
Merge Sort,5000,duplicate-heavy,2,20260930,17241918267081377294,56250,126320,20000,1,success
Library Sort,5000,duplicate-heavy,2,20260930,17241918267081377294,5944394,74680,100000,1,success
Shell Sort,5000,duplicate-heavy,3,20260930,4128937982891645816,77656,134938,4,1,success
Merge Sort,5000,duplicate-heavy,3,20260930,4128937982891645816,56214,126320,20000,1,success
Library Sort,5000,duplicate-heavy,3,20260930,4128937982891645816,5973820,76475,100000,1,success
Shell Sort,5000,duplicate-heavy,4,20260930,3577448623405502642,76783,134042,4,1,success
Merge Sort,5000,duplicate-heavy,4,20260930,3577448623405502642,56223,126320,20000,1,success
Library Sort,5000,duplicate-heavy,4,20260930,3577448623405502642,5955628,75356,100000,1,success
Shell Sort,5000,duplicate-heavy,5,20260930,13508469467806121650,76806,134045,4,1,success
Merge Sort,5000,duplicate-heavy,5,20260930,13508469467806121650,56222,126320,20000,1,success
Library Sort,5000,duplicate-heavy,5,20260930,13508469467806121650,5966909,79324,100000,1,success
Shell Sort,5000,duplicate-heavy,6,20260930,7088429395050478876,79562,136843,4,1,success
Merge Sort,5000,duplicate-heavy,6,20260930,7088429395050478876,56220,126320,20000,1,success
Library Sort,5000,duplicate-heavy,6,20260930,7088429395050478876,5964520,75850,100000,1,success
Shell Sort,5000,duplicate-heavy,7,20260930,17980939192511330773,79474,136788,4,1,success
Merge Sort,5000,duplicate-heavy,7,20260930,17980939192511330773,56216,126320,20000,1,success
Library Sort,5000,duplicate-heavy,7,20260930,17980939192511330773,5900358,75446,100000,1,success
Shell Sort,5000,duplicate-heavy,8,20260930,13184399289252163795,78857,136092,4,1,success
Merge Sort,5000,duplicate-heavy,8,20260930,13184399289252163795,56147,126320,20000,1,success
Library Sort,5000,duplicate-heavy,8,20260930,13184399289252163795,6022964,74183,100000,1,success
Shell Sort,5000,duplicate-heavy,9,20260930,1382455527966248126,75946,133198,4,1,success
Merge Sort,5000,duplicate-heavy,9,20260930,1382455527966248126,56409,126320,20000,1,success
Library Sort,5000,duplicate-heavy,9,20260930,1382455527966248126,5996017,77510,100000,1,success
Shell Sort,10000,random,0,20260930,14766519053578494876,263963,389033,4,1,success
Merge Sort,10000,random,0,20260930,14766519053578494876,123570,272640,40000,1,success
Library Sort,10000,random,0,20260930,14766519053578494876,24898171,56279,200000,1,success
Shell Sort,10000,random,1,20260930,9905648947689135253,259282,384373,4,1,success
Merge Sort,10000,random,1,20260930,9905648947689135253,123615,272640,40000,1,success
Library Sort,10000,random,1,20260930,9905648947689135253,25147564,56331,200000,1,success
Shell Sort,10000,random,2,20260930,13248392140544355958,261428,386502,4,1,success
Merge Sort,10000,random,2,20260930,13248392140544355958,123529,272640,40000,1,success
Library Sort,10000,random,2,20260930,13248392140544355958,25247592,56220,200000,1,success
Shell Sort,10000,random,3,20260930,16146739360998655181,258916,383995,4,1,success
Merge Sort,10000,random,3,20260930,16146739360998655181,123625,272640,40000,1,success
Library Sort,10000,random,3,20260930,16146739360998655181,24788447,56307,200000,1,success
Shell Sort,10000,random,4,20260930,2930837809515123899,261194,386304,4,1,success
Merge Sort,10000,random,4,20260930,2930837809515123899,123648,272640,40000,1,success
Library Sort,10000,random,4,20260930,2930837809515123899,24837163,56186,200000,1,success
Shell Sort,10000,random,5,20260930,4315453183483083657,261200,386219,4,1,success
Merge Sort,10000,random,5,20260930,4315453183483083657,123607,272640,40000,1,success
Library Sort,10000,random,5,20260930,4315453183483083657,25207984,56227,200000,1,success
Shell Sort,10000,random,6,20260930,7036143845552862656,255969,381063,4,1,success
Merge Sort,10000,random,6,20260930,7036143845552862656,123609,272640,40000,1,success
Library Sort,10000,random,6,20260930,7036143845552862656,24836419,56352,200000,1,success
Shell Sort,10000,random,7,20260930,7407543622338422084,264521,389561,4,1,success
Merge Sort,10000,random,7,20260930,7407543622338422084,123758,272640,40000,1,success
Library Sort,10000,random,7,20260930,7407543622338422084,25386274,56487,200000,1,success
Shell Sort,10000,random,8,20260930,9259042528352018472,261002,386095,4,1,success
Merge Sort,10000,random,8,20260930,9259042528352018472,123679,272640,40000,1,success
Library Sort,10000,random,8,20260930,9259042528352018472,25101844,56530,200000,1,success
Shell Sort,10000,random,9,20260930,8216130437550071694,259936,385018,4,1,success
Merge Sort,10000,random,9,20260930,8216130437550071694,123722,272640,40000,1,success
Library Sort,10000,random,9,20260930,8216130437550071694,25023362,56485,200000,1,success
Shell Sort,10000,sorted,0,20260930,12595574493881836930,120005,240010,4,1,success
Merge Sort,10000,sorted,0,20260930,12595574493881836930,71712,272640,40000,1,success
Library Sort,10000,sorted,0,20260930,12595574493881836930,49995000,17282317,200000,1,success
Shell Sort,10000,sorted,1,20260930,5067211479466539362,120005,240010,4,1,success
Merge Sort,10000,sorted,1,20260930,5067211479466539362,71712,272640,40000,1,success
Library Sort,10000,sorted,1,20260930,5067211479466539362,49995000,17282317,200000,1,success
Shell Sort,10000,sorted,2,20260930,5398166355981265804,120005,240010,4,1,success
Merge Sort,10000,sorted,2,20260930,5398166355981265804,71712,272640,40000,1,success
Library Sort,10000,sorted,2,20260930,5398166355981265804,49995000,17282317,200000,1,success
Shell Sort,10000,sorted,3,20260930,13748183645861586286,120005,240010,4,1,success
Merge Sort,10000,sorted,3,20260930,13748183645861586286,71712,272640,40000,1,success
Library Sort,10000,sorted,3,20260930,13748183645861586286,49995000,17282317,200000,1,success
Shell Sort,10000,sorted,4,20260930,9668880018348066510,120005,240010,4,1,success
Merge Sort,10000,sorted,4,20260930,9668880018348066510,71712,272640,40000,1,success
Library Sort,10000,sorted,4,20260930,9668880018348066510,49995000,17282317,200000,1,success
Shell Sort,10000,sorted,5,20260930,3630287680136459829,120005,240010,4,1,success
Merge Sort,10000,sorted,5,20260930,3630287680136459829,71712,272640,40000,1,success
Library Sort,10000,sorted,5,20260930,3630287680136459829,49995000,17282317,200000,1,success
Shell Sort,10000,sorted,6,20260930,14353751857741404804,120005,240010,4,1,success
Merge Sort,10000,sorted,6,20260930,14353751857741404804,71712,272640,40000,1,success
Library Sort,10000,sorted,6,20260930,14353751857741404804,49995000,17282317,200000,1,success
Shell Sort,10000,sorted,7,20260930,1410351945265358827,120005,240010,4,1,success
Merge Sort,10000,sorted,7,20260930,1410351945265358827,71712,272640,40000,1,success
Library Sort,10000,sorted,7,20260930,1410351945265358827,49995000,17282317,200000,1,success
Shell Sort,10000,sorted,8,20260930,3160606535871967974,120005,240010,4,1,success
Merge Sort,10000,sorted,8,20260930,3160606535871967974,71712,272640,40000,1,success
Library Sort,10000,sorted,8,20260930,3160606535871967974,49995000,17282317,200000,1,success
Shell Sort,10000,sorted,9,20260930,62157124574533016,120005,240010,4,1,success
Merge Sort,10000,sorted,9,20260930,62157124574533016,71712,272640,40000,1,success
Library Sort,10000,sorted,9,20260930,62157124574533016,49995000,17282317,200000,1,success
Shell Sort,10000,reverse,0,20260930,17959390286489223527,172578,302570,4,1,success
Merge Sort,10000,reverse,0,20260930,17959390286489223527,64608,272640,40000,1,success
Library Sort,10000,reverse,0,20260930,17959390286489223527,9999,16028840,200000,1,success
Shell Sort,10000,reverse,1,20260930,12274520192012955728,172578,302570,4,1,success
Merge Sort,10000,reverse,1,20260930,12274520192012955728,64608,272640,40000,1,success
Library Sort,10000,reverse,1,20260930,12274520192012955728,9999,16028840,200000,1,success
Shell Sort,10000,reverse,2,20260930,14685835774367106816,172578,302570,4,1,success
Merge Sort,10000,reverse,2,20260930,14685835774367106816,64608,272640,40000,1,success
Library Sort,10000,reverse,2,20260930,14685835774367106816,9999,16028840,200000,1,success
Shell Sort,10000,reverse,3,20260930,2207820026465285269,172578,302570,4,1,success
Merge Sort,10000,reverse,3,20260930,2207820026465285269,64608,272640,40000,1,success
Library Sort,10000,reverse,3,20260930,2207820026465285269,9999,16028840,200000,1,success
Shell Sort,10000,reverse,4,20260930,6573881555713263112,172578,302570,4,1,success
Merge Sort,10000,reverse,4,20260930,6573881555713263112,64608,272640,40000,1,success
Library Sort,10000,reverse,4,20260930,6573881555713263112,9999,16028840,200000,1,success
Shell Sort,10000,reverse,5,20260930,12005527879385486921,172578,302570,4,1,success
Merge Sort,10000,reverse,5,20260930,12005527879385486921,64608,272640,40000,1,success
Library Sort,10000,reverse,5,20260930,12005527879385486921,9999,16028840,200000,1,success
Shell Sort,10000,reverse,6,20260930,398295886683178436,172578,302570,4,1,success
Merge Sort,10000,reverse,6,20260930,398295886683178436,64608,272640,40000,1,success
Library Sort,10000,reverse,6,20260930,398295886683178436,9999,16028840,200000,1,success
Shell Sort,10000,reverse,7,20260930,11769357806623732610,172578,302570,4,1,success
Merge Sort,10000,reverse,7,20260930,11769357806623732610,64608,272640,40000,1,success
Library Sort,10000,reverse,7,20260930,11769357806623732610,9999,16028840,200000,1,success
Shell Sort,10000,reverse,8,20260930,4698221905142620113,172578,302570,4,1,success
Merge Sort,10000,reverse,8,20260930,4698221905142620113,64608,272640,40000,1,success
Library Sort,10000,reverse,8,20260930,4698221905142620113,9999,16028840,200000,1,success
Shell Sort,10000,reverse,9,20260930,1945315715423194440,172578,302570,4,1,success
Merge Sort,10000,reverse,9,20260930,1945315715423194440,64608,272640,40000,1,success
Library Sort,10000,reverse,9,20260930,1945315715423194440,9999,16028840,200000,1,success
Shell Sort,10000,duplicate-heavy,0,20260930,1388932849912867598,174055,298609,4,1,success
Merge Sort,10000,duplicate-heavy,0,20260930,1388932849912867598,122219,272640,40000,1,success
Library Sort,10000,duplicate-heavy,0,20260930,1388932849912867598,23732799,257458,200000,1,success
Shell Sort,10000,duplicate-heavy,1,20260930,12910657166618455149,170361,294891,4,1,success
Merge Sort,10000,duplicate-heavy,1,20260930,12910657166618455149,122193,272640,40000,1,success
Library Sort,10000,duplicate-heavy,1,20260930,12910657166618455149,23846308,252285,200000,1,success
Shell Sort,10000,duplicate-heavy,2,20260930,14409640569871936390,167900,292447,4,1,success
Merge Sort,10000,duplicate-heavy,2,20260930,14409640569871936390,122163,272640,40000,1,success
Library Sort,10000,duplicate-heavy,2,20260930,14409640569871936390,23662115,250714,200000,1,success
Shell Sort,10000,duplicate-heavy,3,20260930,10410943246738197182,169642,294024,4,1,success
Merge Sort,10000,duplicate-heavy,3,20260930,10410943246738197182,122119,272640,40000,1,success
Library Sort,10000,duplicate-heavy,3,20260930,10410943246738197182,24124766,249574,200000,1,success
Shell Sort,10000,duplicate-heavy,4,20260930,5044347101611309968,170284,294794,4,1,success
Merge Sort,10000,duplicate-heavy,4,20260930,5044347101611309968,122212,272640,40000,1,success
Library Sort,10000,duplicate-heavy,4,20260930,5044347101611309968,23888281,252177,200000,1,success
Shell Sort,10000,duplicate-heavy,5,20260930,4475121323448133375,168266,292793,4,1,success
Merge Sort,10000,duplicate-heavy,5,20260930,4475121323448133375,122180,272640,40000,1,success
Library Sort,10000,duplicate-heavy,5,20260930,4475121323448133375,23987736,252869,200000,1,success
Shell Sort,10000,duplicate-heavy,6,20260930,7243036003652514859,165391,289887,4,1,success
Merge Sort,10000,duplicate-heavy,6,20260930,7243036003652514859,122189,272640,40000,1,success
Library Sort,10000,duplicate-heavy,6,20260930,7243036003652514859,23915677,252057,200000,1,success
Shell Sort,10000,duplicate-heavy,7,20260930,10912088561151908426,169650,294117,4,1,success
Merge Sort,10000,duplicate-heavy,7,20260930,10912088561151908426,122109,272640,40000,1,success
Library Sort,10000,duplicate-heavy,7,20260930,10912088561151908426,23971967,255243,200000,1,success
Shell Sort,10000,duplicate-heavy,8,20260930,4044459816816292911,168332,292860,4,1,success
Merge Sort,10000,duplicate-heavy,8,20260930,4044459816816292911,122334,272640,40000,1,success
Library Sort,10000,duplicate-heavy,8,20260930,4044459816816292911,23582050,256174,200000,1,success
Shell Sort,10000,duplicate-heavy,9,20260930,11659250367715568409,168422,292963,4,1,success
Merge Sort,10000,duplicate-heavy,9,20260930,11659250367715568409,122063,272640,40000,1,success
Library Sort,10000,duplicate-heavy,9,20260930,11659250367715568409,23931057,250146,200000,1,success
Shell Sort,20000,random,0,20260930,2427361776095102714,624643,894687,4,1,success
Merge Sort,20000,random,0,20260930,2427361776095102714,267359,585280,80000,1,success
Library Sort,20000,random,0,20260930,2427361776095102714,99973682,112629,400000,1,success
Shell Sort,20000,random,1,20260930,16821337751582667113,637046,907013,4,1,success
Merge Sort,20000,random,1,20260930,16821337751582667113,267372,585280,80000,1,success
Library Sort,20000,random,1,20260930,16821337751582667113,100406135,112941,400000,1,success
Shell Sort,20000,random,2,20260930,2723517343400139750,613303,883360,4,1,success
Merge Sort,20000,random,2,20260930,2723517343400139750,267333,585280,80000,1,success
Library Sort,20000,random,2,20260930,2723517343400139750,100192885,112706,400000,1,success
Shell Sort,20000,random,3,20260930,6980390696587538699,638450,908528,4,1,success
Merge Sort,20000,random,3,20260930,6980390696587538699,267431,585280,80000,1,success
Library Sort,20000,random,3,20260930,6980390696587538699,99724011,112606,400000,1,success
Shell Sort,20000,random,4,20260930,8415570417546059299,610182,880392,4,1,success
Merge Sort,20000,random,4,20260930,8415570417546059299,267431,585280,80000,1,success
Library Sort,20000,random,4,20260930,8415570417546059299,99729781,112561,400000,1,success
Shell Sort,20000,random,5,20260930,265237846316838508,640720,910872,4,1,success
Merge Sort,20000,random,5,20260930,265237846316838508,267472,585280,80000,1,success
Library Sort,20000,random,5,20260930,265237846316838508,99789001,112574,400000,1,success
Shell Sort,20000,random,6,20260930,12170030654166557976,618714,888792,4,1,success
Merge Sort,20000,random,6,20260930,12170030654166557976,267295,585280,80000,1,success
Library Sort,20000,random,6,20260930,12170030654166557976,100411924,112590,400000,1,success
Shell Sort,20000,random,7,20260930,6536369520775226205,629556,899624,4,1,success
Merge Sort,20000,random,7,20260930,6536369520775226205,267284,585280,80000,1,success
Library Sort,20000,random,7,20260930,6536369520775226205,100637992,112609,400000,1,success
Shell Sort,20000,random,8,20260930,12908249851125050346,626734,896838,4,1,success
Merge Sort,20000,random,8,20260930,12908249851125050346,267331,585280,80000,1,success
Library Sort,20000,random,8,20260930,12908249851125050346,99892233,112701,400000,1,success
Shell Sort,20000,random,9,20260930,12844271815551532096,625680,895823,4,1,success
Merge Sort,20000,random,9,20260930,12844271815551532096,267330,585280,80000,1,success
Library Sort,20000,random,9,20260930,12844271815551532096,99435567,112509,400000,1,success
Shell Sort,20000,sorted,0,20260930,2624695939742825204,260005,520010,4,1,success
Merge Sort,20000,sorted,0,20260930,2624695939742825204,153424,585280,80000,1,success
Library Sort,20000,sorted,0,20260930,2624695939742825204,199990000,69069604,400000,1,success
Shell Sort,20000,sorted,1,20260930,2074235946046981909,260005,520010,4,1,success
Merge Sort,20000,sorted,1,20260930,2074235946046981909,153424,585280,80000,1,success
Library Sort,20000,sorted,1,20260930,2074235946046981909,199990000,69069604,400000,1,success
Shell Sort,20000,sorted,2,20260930,16782548517713760675,260005,520010,4,1,success
Merge Sort,20000,sorted,2,20260930,16782548517713760675,153424,585280,80000,1,success
Library Sort,20000,sorted,2,20260930,16782548517713760675,199990000,69069604,400000,1,success
Shell Sort,20000,sorted,3,20260930,4340929284387164755,260005,520010,4,1,success
Merge Sort,20000,sorted,3,20260930,4340929284387164755,153424,585280,80000,1,success
Library Sort,20000,sorted,3,20260930,4340929284387164755,199990000,69069604,400000,1,success
Shell Sort,20000,sorted,4,20260930,8866008784416267610,260005,520010,4,1,success
Merge Sort,20000,sorted,4,20260930,8866008784416267610,153424,585280,80000,1,success
Library Sort,20000,sorted,4,20260930,8866008784416267610,199990000,69069604,400000,1,success
Shell Sort,20000,sorted,5,20260930,12249821134559997207,260005,520010,4,1,success
Merge Sort,20000,sorted,5,20260930,12249821134559997207,153424,585280,80000,1,success
Library Sort,20000,sorted,5,20260930,12249821134559997207,199990000,69069604,400000,1,success
Shell Sort,20000,sorted,6,20260930,9894442693917270877,260005,520010,4,1,success
Merge Sort,20000,sorted,6,20260930,9894442693917270877,153424,585280,80000,1,success
Library Sort,20000,sorted,6,20260930,9894442693917270877,199990000,69069604,400000,1,success
Shell Sort,20000,sorted,7,20260930,3168754590799329606,260005,520010,4,1,success
Merge Sort,20000,sorted,7,20260930,3168754590799329606,153424,585280,80000,1,success
Library Sort,20000,sorted,7,20260930,3168754590799329606,199990000,69069604,400000,1,success
Shell Sort,20000,sorted,8,20260930,14723212446768156684,260005,520010,4,1,success
Merge Sort,20000,sorted,8,20260930,14723212446768156684,153424,585280,80000,1,success
Library Sort,20000,sorted,8,20260930,14723212446768156684,199990000,69069604,400000,1,success
Shell Sort,20000,sorted,9,20260930,2550811929705143671,260005,520010,4,1,success
Merge Sort,20000,sorted,9,20260930,2550811929705143671,153424,585280,80000,1,success
Library Sort,20000,sorted,9,20260930,2550811929705143671,199990000,69069604,400000,1,success
Shell Sort,20000,reverse,0,20260930,17335930028633108290,375138,655130,4,1,success
Merge Sort,20000,reverse,0,20260930,17335930028633108290,139216,585280,80000,1,success
Library Sort,20000,reverse,0,20260930,17335930028633108290,19999,64056467,400000,1,success
Shell Sort,20000,reverse,1,20260930,3462815016086145679,375138,655130,4,1,success
Merge Sort,20000,reverse,1,20260930,3462815016086145679,139216,585280,80000,1,success
Library Sort,20000,reverse,1,20260930,3462815016086145679,19999,64056467,400000,1,success
Shell Sort,20000,reverse,2,20260930,17012084864186080804,375138,655130,4,1,success
Merge Sort,20000,reverse,2,20260930,17012084864186080804,139216,585280,80000,1,success
Library Sort,20000,reverse,2,20260930,17012084864186080804,19999,64056467,400000,1,success
Shell Sort,20000,reverse,3,20260930,6094280029709172158,375138,655130,4,1,success
Merge Sort,20000,reverse,3,20260930,6094280029709172158,139216,585280,80000,1,success
Library Sort,20000,reverse,3,20260930,6094280029709172158,19999,64056467,400000,1,success
Shell Sort,20000,reverse,4,20260930,17616881376057496438,375138,655130,4,1,success
Merge Sort,20000,reverse,4,20260930,17616881376057496438,139216,585280,80000,1,success
Library Sort,20000,reverse,4,20260930,17616881376057496438,19999,64056467,400000,1,success
Shell Sort,20000,reverse,5,20260930,16719004772568343763,375138,655130,4,1,success
Merge Sort,20000,reverse,5,20260930,16719004772568343763,139216,585280,80000,1,success
Library Sort,20000,reverse,5,20260930,16719004772568343763,19999,64056467,400000,1,success
Shell Sort,20000,reverse,6,20260930,2358485518122116313,375138,655130,4,1,success
Merge Sort,20000,reverse,6,20260930,2358485518122116313,139216,585280,80000,1,success
Library Sort,20000,reverse,6,20260930,2358485518122116313,19999,64056467,400000,1,success
Shell Sort,20000,reverse,7,20260930,2925220896457950507,375138,655130,4,1,success
Merge Sort,20000,reverse,7,20260930,2925220896457950507,139216,585280,80000,1,success
Library Sort,20000,reverse,7,20260930,2925220896457950507,19999,64056467,400000,1,success
Shell Sort,20000,reverse,8,20260930,2347373987100220580,375138,655130,4,1,success
Merge Sort,20000,reverse,8,20260930,2347373987100220580,139216,585280,80000,1,success
Library Sort,20000,reverse,8,20260930,2347373987100220580,19999,64056467,400000,1,success
Shell Sort,20000,reverse,9,20260930,1974773870057934682,375138,655130,4,1,success
Merge Sort,20000,reverse,9,20260930,1974773870057934682,139216,585280,80000,1,success
Library Sort,20000,reverse,9,20260930,1974773870057934682,19999,64056467,400000,1,success
Shell Sort,20000,duplicate-heavy,0,20260930,14914482828032557739,365800,634757,4,1,success
Merge Sort,20000,duplicate-heavy,0,20260930,14914482828032557739,263738,585280,80000,1,success
Library Sort,20000,duplicate-heavy,0,20260930,14914482828032557739,95260653,912997,400000,1,success
Shell Sort,20000,duplicate-heavy,1,20260930,13354127364403724165,366304,635186,4,1,success
Merge Sort,20000,duplicate-heavy,1,20260930,13354127364403724165,264014,585280,80000,1,success
Library Sort,20000,duplicate-heavy,1,20260930,13354127364403724165,95717924,932291,400000,1,success
Shell Sort,20000,duplicate-heavy,2,20260930,8749073335650801909,366329,635265,4,1,success
Merge Sort,20000,duplicate-heavy,2,20260930,8749073335650801909,263965,585280,80000,1,success
Library Sort,20000,duplicate-heavy,2,20260930,8749073335650801909,95435941,905295,400000,1,success
Shell Sort,20000,duplicate-heavy,3,20260930,10732345951152131496,363658,632564,4,1,success
Merge Sort,20000,duplicate-heavy,3,20260930,10732345951152131496,264016,585280,80000,1,success
Library Sort,20000,duplicate-heavy,3,20260930,10732345951152131496,95730787,916066,400000,1,success
Shell Sort,20000,duplicate-heavy,4,20260930,3932991932594748914,367863,636898,4,1,success
Merge Sort,20000,duplicate-heavy,4,20260930,3932991932594748914,263918,585280,80000,1,success
Library Sort,20000,duplicate-heavy,4,20260930,3932991932594748914,94691481,896233,400000,1,success
Shell Sort,20000,duplicate-heavy,5,20260930,8195863581354869150,371811,640727,4,1,success
Merge Sort,20000,duplicate-heavy,5,20260930,8195863581354869150,263869,585280,80000,1,success
Library Sort,20000,duplicate-heavy,5,20260930,8195863581354869150,95581552,927497,400000,1,success
Shell Sort,20000,duplicate-heavy,6,20260930,2920667732806852758,370333,639325,4,1,success
Merge Sort,20000,duplicate-heavy,6,20260930,2920667732806852758,263795,585280,80000,1,success
Library Sort,20000,duplicate-heavy,6,20260930,2920667732806852758,95724011,911312,400000,1,success
Shell Sort,20000,duplicate-heavy,7,20260930,11131955523864274554,369044,637963,4,1,success
Merge Sort,20000,duplicate-heavy,7,20260930,11131955523864274554,264159,585280,80000,1,success
Library Sort,20000,duplicate-heavy,7,20260930,11131955523864274554,95144010,903474,400000,1,success
Shell Sort,20000,duplicate-heavy,8,20260930,5843396804054887119,369179,638207,4,1,success
Merge Sort,20000,duplicate-heavy,8,20260930,5843396804054887119,263716,585280,80000,1,success
Library Sort,20000,duplicate-heavy,8,20260930,5843396804054887119,94666978,898929,400000,1,success
Shell Sort,20000,duplicate-heavy,9,20260930,11372323983307257790,368756,637543,4,1,success
Merge Sort,20000,duplicate-heavy,9,20260930,11372323983307257790,263997,585280,80000,1,success
Library Sort,20000,duplicate-heavy,9,20260930,11372323983307257790,95713747,911845,400000,1,success
