algorithm,input_size,distribution,trials,median_ns,q1_ns,q3_ns,min_ns,max_ns
Library Sort,500,duplicate-heavy,30,224609.5,218656.0,239983.8,210824,273191
Library Sort,500,random,30,249345.5,238756.0,276088.0,219510,612061
Library Sort,500,reverse,30,50600.0,49910.8,53149.0,49804,154609
Library Sort,500,sorted,30,460615.0,459819.0,468843.2,423932,535210
Library Sort,1000,duplicate-heavy,30,808009.0,778466.2,854528.0,739291,1884750
Library Sort,1000,random,30,928800.0,902738.5,1027764.2,866098,1947016
Library Sort,1000,reverse,30,167322.0,167242.0,182418.5,166822,223507
Library Sort,1000,sorted,30,1896391.5,1816181.5,2959454.2,1677794,4136055
Library Sort,2000,duplicate-heavy,30,3006235.0,2943054.2,3090982.5,2844112,5029994
Library Sort,2000,random,30,3620437.0,3557384.5,3771499.0,3426991,7316274
Library Sort,2000,reverse,30,625503.0,604521.8,735966.8,595422,1330915
Library Sort,2000,sorted,30,7454252.5,7183454.0,10334132.8,7044097,15250714
Library Sort,5000,duplicate-heavy,30,18764897.5,18037972.0,19947258.0,17368689,35812347
Library Sort,5000,random,30,26770424.5,23965876.2,33210743.5,22669921,54431584
Library Sort,5000,reverse,30,2765530.0,2726737.8,2830797.2,2712697,3931452
Library Sort,5000,sorted,30,43932842.5,42672119.2,56136352.2,41899045,90336563
Library Sort,10000,duplicate-heavy,30,74033557.5,72449274.2,79347963.8,69263995,118277698
Library Sort,10000,random,30,99818446.5,95859858.0,112839996.8,92870094,166252805
Library Sort,10000,reverse,30,11255136.0,10900153.2,11782168.2,10483010,19885050
Library Sort,10000,sorted,30,174938189.0,171397050.8,207305444.5,169071648,285350403
Library Sort,20000,duplicate-heavy,30,308166571.5,288607519.0,330892502.8,279130686,390783992
Library Sort,20000,random,30,432218189.0,418875571.0,464143053.5,404326255,535484962
Library Sort,20000,reverse,30,41803151.0,41388512.0,43930014.2,41060680,60022275
Library Sort,20000,sorted,30,739906118.5,696199764.8,771984032.5,670539154,826175726
Merge Sort,500,duplicate-heavy,30,18209.5,17990.8,18314.0,17774,48180
Merge Sort,500,random,30,21294.5,21124.0,21522.5,20689,54882
Merge Sort,500,reverse,30,4969.5,4926.5,5280.0,4879,13806
Merge Sort,500,sorted,30,6181.5,6051.0,6272.0,6022,14628
Merge Sort,1000,duplicate-heavy,30,37529.5,37134.8,37836.0,36408,235210
Merge Sort,1000,random,30,46983.0,46507.0,57087.0,45765,145510
Merge Sort,1000,reverse,30,10359.0,10349.0,10439.2,10309,22172
Merge Sort,1000,sorted,30,13671.0,13064.0,25006.0,13014,46988
Merge Sort,2000,duplicate-heavy,30,76207.5,75746.0,77111.2,74860,108663
Merge Sort,2000,random,30,102376.0,101214.0,109083.2,100388,169226
Merge Sort,2000,reverse,30,22432.0,22146.8,23278.8,22011,49393
Merge Sort,2000,sorted,30,30011.5,28946.8,46186.5,28012,85210
Merge Sort,5000,duplicate-heavy,30,202603.5,197664.2,209481.0,194724,303777
Merge Sort,5000,random,30,292035.5,282613.0,345577.2,279642,413122
Merge Sort,5000,reverse,30,61124.5,60764.0,61918.2,60543,86702
Merge Sort,5000,sorted,30,84272.5,83506.0,95205.2,80630,180467
Merge Sort,10000,duplicate-heavy,30,425770.0,415122.8,441376.8,406359,670813
Merge Sort,10000,random,30,625162.5,612519.2,816595.5,599961,1081600
Merge Sort,10000,reverse,30,137607.0,135064.8,146087.8,129262,251660
Merge Sort,10000,sorted,30,202874.0,184387.2,215316.5,174256,416137
Merge Sort,20000,duplicate-heavy,30,852577.5,845591.8,872794.8,814461,1135380
Merge Sort,20000,random,30,1321663.5,1313770.8,1347364.2,1299146,1891072
Merge Sort,20000,reverse,30,284526.5,275963.0,291514.8,272880,631148
Merge Sort,20000,sorted,30,390760.0,380911.2,407157.5,370812,599440
Shell Sort,500,duplicate-heavy,30,16410.5,16020.0,17097.2,15329,51847
Shell Sort,500,random,30,25127.0,23935.0,25988.8,23023,55713
Shell Sort,500,reverse,30,5195.0,4949.0,5312.2,4919,11111
Shell Sort,500,sorted,30,3356.5,3346.0,3579.5,3336,5250
Shell Sort,1000,duplicate-heavy,30,35150.5,34671.8,36165.2,34104,76803
Shell Sort,1000,random,30,58229.0,53452.5,59554.2,51777,161372
Shell Sort,1000,reverse,30,11491.5,11472.0,11538.8,10820,21600
Shell Sort,1000,sorted,30,7564.0,7526.5,11250.8,7494,14387
Shell Sort,2000,duplicate-heavy,30,74835.0,73467.0,76608.0,72205,116408
Shell Sort,2000,random,30,121526.5,119674.0,132870.5,117469,190796
Shell Sort,2000,reverse,30,25447.5,25312.0,45111.8,23945,51777
Shell Sort,2000,sorted,30,16921.5,16829.2,18800.2,16751,32200
Shell Sort,5000,duplicate-heavy,30,210172.5,205809.2,215796.0,200243,348201
Shell Sort,5000,random,30,372150.0,342787.5,407423.5,339173,461763
Shell Sort,5000,reverse,30,73347.0,69652.5,73685.5,69239,103694
Shell Sort,5000,sorted,30,51286.0,51105.0,51551.8,51005,150993
Shell Sort,10000,duplicate-heavy,30,445647.0,435734.0,464008.8,421327,1861928
Shell Sort,10000,random,30,782867.0,761332.0,933897.2,744741,1925657
Shell Sort,10000,reverse,30,151543.0,150321.0,159849.0,149590,309378
Shell Sort,10000,sorted,30,111738.5,111343.0,131433.2,111118,266388
Shell Sort,20000,duplicate-heavy,30,909864.5,900584.0,920674.5,874033,1397230
Shell Sort,20000,random,30,1680774.0,1665803.2,1743345.2,1643540,3936422
Shell Sort,20000,reverse,30,337455.5,323116.8,345144.2,322031,691691
Shell Sort,20000,sorted,30,241005.0,240720.0,251229.8,240610,432037
