algorithm,input_size,distribution,trials,median_comparisons,median_moves,median_auxiliary_bytes,min_comparisons,max_comparisons,min_moves,max_moves,min_auxiliary_bytes,max_auxiliary_bytes
Library Sort,500,duplicate-heavy,30,59990.0,2530.5,10000.0,56312,63046,2463,2655,10000,10000
Library Sort,500,random,30,62774.0,2211.0,10000.0,58350,68162,2167,2287,10000,10000
Library Sort,500,reverse,30,499.0,53036.0,10000.0,499,499,53036,53036,10000,10000
Library Sort,500,sorted,30,124750.0,54996.0,10000.0,124750,124750,54996,54996,10000,10000
Library Sort,1000,duplicate-heavy,30,239385.5,6240.5,20000.0,226253,246836,6059,6536,20000,20000
Library Sort,1000,random,30,251332.0,4436.0,20000.0,238025,264281,4380,4587,20000,20000
Library Sort,1000,reverse,30,999.0,210214.0,20000.0,999,999,210214,210214,20000,20000
Library Sort,1000,sorted,30,499500.0,218012.0,20000.0,499500,499500,218012,218012,20000,20000
Library Sort,2000,duplicate-heavy,30,950916.5,17650.5,40000.0,932637,975307,16861,18287,40000,40000
Library Sort,2000,random,30,1002725.0,8942.5,40000.0,975433,1041311,8840,9042,40000,40000
Library Sort,2000,reverse,30,1999.0,835293.0,40000.0,1999,1999,835293,835293,40000,40000
Library Sort,2000,sorted,30,1999000.0,866625.0,40000.0,1999000,1999000,866625,866625,40000,40000
Library Sort,5000,duplicate-heavy,30,5953227.5,75537.0,100000.0,5800209,6084909,73085,79324,100000,100000
Library Sort,5000,random,30,6258254.0,28158.5,100000.0,6117175,6374725,28042,28338,100000,100000
Library Sort,5000,reverse,30,4999.0,4015667.0,100000.0,4999,4999,4015667,4015667,100000,100000
Library Sort,5000,sorted,30,12497500.0,4329204.0,100000.0,12497500,12497500,4329204,4329204,100000,100000
Library Sort,10000,duplicate-heavy,30,23862100.0,252739.0,200000.0,23448471,24212251,247842,258589,200000,200000
Library Sort,10000,random,30,25030703.0,56304.0,200000.0,24655471,25386274,56186,56530,200000,200000
Library Sort,10000,reverse,30,9999.0,16028840.0,200000.0,9999,9999,16028840,16028840,200000,200000
Library Sort,10000,sorted,30,49995000.0,17282317.0,200000.0,49995000,49995000,17282317,17282317,200000,200000
Library Sort,20000,duplicate-heavy,30,95219682.0,913942.5,400000.0,94666978,95864636,896233,932291,400000,400000
Library Sort,20000,random,30,100248717.0,112682.5,400000.0,99277143,101588942,112361,112950,400000,400000
Library Sort,20000,reverse,30,19999.0,64056467.0,400000.0,19999,19999,64056467,64056467,400000,400000
Library Sort,20000,sorted,30,199990000.0,69069604.0,400000.0,199990000,199990000,69069604,69069604,400000,400000
Merge Sort,500,duplicate-heavy,30,3830.5,8984.0,2000.0,3784,3852,8984,8984,2000,2000
Merge Sort,500,random,30,3865.0,8984.0,2000.0,3832,3884,8984,8984,2000,2000
Merge Sort,500,reverse,30,2216.0,8984.0,2000.0,2216,2216,8984,8984,2000,2000
Merge Sort,500,sorted,30,2276.0,8984.0,2000.0,2276,2276,8984,8984,2000,2000
Merge Sort,1000,duplicate-heavy,30,8647.5,19968.0,4000.0,8605,8694,19968,19968,4000,4000
Merge Sort,1000,random,30,8718.5,19968.0,4000.0,8694,8755,19968,19968,4000,4000
Merge Sort,1000,reverse,30,4932.0,19968.0,4000.0,4932,4932,19968,19968,4000,4000
Merge Sort,1000,sorted,30,5052.0,19968.0,4000.0,5052,5052,19968,19968,4000,4000
Merge Sort,2000,duplicate-heavy,30,19236.0,43936.0,8000.0,19153,19320,43936,43936,8000,8000
Merge Sort,2000,random,30,19437.5,43936.0,8000.0,19400,19529,43936,43936,8000,8000
Merge Sort,2000,reverse,30,10864.0,43936.0,8000.0,10864,10864,43936,43936,8000,8000
Merge Sort,2000,sorted,30,11104.0,43936.0,8000.0,11104,11104,43936,43936,8000,8000
Merge Sort,5000,duplicate-heavy,30,56213.0,126320.0,20000.0,56086,56409,126320,126320,20000,20000
Merge Sort,5000,random,30,56820.5,126320.0,20000.0,56748,56918,126320,126320,20000,20000
Merge Sort,5000,reverse,30,29804.0,126320.0,20000.0,29804,29804,126320,126320,20000,20000
Merge Sort,5000,sorted,30,33356.0,126320.0,20000.0,33356,33356,126320,126320,20000,20000
Merge Sort,10000,duplicate-heavy,30,122184.5,272640.0,40000.0,122015,122397,272640,272640,40000,40000
Merge Sort,10000,random,30,123656.5,272640.0,40000.0,123529,123764,272640,272640,40000,40000
Merge Sort,10000,reverse,30,64608.0,272640.0,40000.0,64608,64608,272640,272640,40000,40000
Merge Sort,10000,sorted,30,71712.0,272640.0,40000.0,71712,71712,272640,272640,40000,40000
Merge Sort,20000,duplicate-heavy,30,263916.0,585280.0,80000.0,263495,264159,585280,585280,80000,80000
Merge Sort,20000,random,30,267350.5,585280.0,80000.0,267219,267521,585280,585280,80000,80000
Merge Sort,20000,reverse,30,139216.0,585280.0,80000.0,139216,139216,585280,585280,80000,80000
Merge Sort,20000,sorted,30,153424.0,585280.0,80000.0,153424,153424,585280,585280,80000,80000
Shell Sort,500,duplicate-heavy,30,4981.5,8719.0,4.0,4801,5281,8542,9027,4,4
Shell Sort,500,random,30,6309.0,10079.5,4.0,6054,6657,9845,10414,4,4
Shell Sort,500,reverse,30,5116.0,9112.0,4.0,5116,5116,9112,9112,4,4
Shell Sort,500,sorted,30,3506.0,7012.0,4.0,3506,3506,7012,7012,4,4
Shell Sort,1000,duplicate-heavy,30,11439.0,19899.5,4.0,11187,11879,19653,20340,4,4
Shell Sort,1000,random,30,14910.5,23438.5,4.0,14548,15884,23043,24391,4,4
Shell Sort,1000,reverse,30,11716.0,20712.0,4.0,11716,11716,20712,20712,4,4
Shell Sort,1000,sorted,30,8006.0,16012.0,4.0,8006,8006,16012,16012,4,4
Shell Sort,2000,duplicate-heavy,30,25764.5,44681.0,4.0,24967,26553,43865,45493,4,4
Shell Sort,2000,random,30,36399.0,55410.0,4.0,34694,38854,53711,57869,4,4
Shell Sort,2000,reverse,30,26416.0,46412.0,4.0,26416,26416,46412,46412,4,4
Shell Sort,2000,sorted,30,18006.0,36012.0,4.0,18006,18006,36012,36012,4,4
Shell Sort,5000,duplicate-heavy,30,77926.5,135196.0,4.0,75849,81722,133126,138985,4,4
Shell Sort,5000,random,30,114010.0,171651.5,4.0,108296,119616,165869,177125,4,4
Shell Sort,5000,reverse,30,78798.0,138790.0,4.0,78798,78798,138790,138790,4,4
Shell Sort,5000,sorted,30,55005.0,110010.0,4.0,55005,55005,110010,110010,4,4
Shell Sort,10000,duplicate-heavy,30,169332.0,293781.0,4.0,164825,175425,289339,299962,4,4
Shell Sort,10000,random,30,264242.0,389297.0,4.0,255969,291926,381063,416959,4,4
Shell Sort,10000,reverse,30,172578.0,302570.0,4.0,172578,172578,302570,302570,4,4
Shell Sort,10000,sorted,30,120005.0,240010.0,4.0,120005,120005,240010,240010,4,4
Shell Sort,20000,duplicate-heavy,30,367679.0,636664.5,4.0,358955,375461,627982,644464,4,4
Shell Sort,20000,random,30,617255.5,887283.0,4.0,594041,640720,864099,910872,4,4
Shell Sort,20000,reverse,30,375138.0,655130.0,4.0,375138,375138,655130,655130,4,4
Shell Sort,20000,sorted,30,260005.0,520010.0,4.0,260005,260005,520010,520010,4,4
